Date;AdjustedPrice
2020-12-01;1,969408891454
2020-12-02;1,9495959247392
2020-12-03;1,9614837047681
2020-12-04;1,9614837047681
2020-12-07;2,0446981649704
2020-12-08;1,97733407814
2020-12-09;1,9654462981111
2020-12-10;1,9812966714829
2020-12-11;2,1001744717719
2020-12-14;2,2586782054905
2020-12-15;2,203201898689
2020-12-16;2,2824537655483
2020-12-17;2,2111270853749
2020-12-18;2,2111270853749
2020-12-21;2,2190522720609
2020-12-22;2,2903789522343
2020-12-23;2,314154512292
2020-12-24;2,3260422923209
2020-12-28;2,433032312581
2020-12-29;2,3537804457217
2020-12-30;2,5043589927544
2020-12-31;2,5122841794403
2021-01-04;2,5439849261841
2021-01-05;2,5439849261841
2021-01-06;2,433032312581
2021-01-07;2,3537804457217
2021-01-08;2,322079698978
2021-01-11;2,3775560057795
2021-01-12;2,3854811924654
2021-01-13;2,3458552590358
2021-01-14;2,3696308190936
2021-01-15;2,2745285788624
2021-01-18;2,2269774587468
2021-01-19;2,2428278321187
2021-01-20;2,2586782054905
2021-01-21;2,2903789522343
2021-01-22;2,1635759652593
2021-01-25;2,0843240984
2021-01-26;2,1873515253171
2021-01-27;2,0526233516563
2021-01-28;2,0288477915985
2021-01-29;2,0843240984
2021-02-01;2,0684737250282
2021-02-02;2,2824537655483
2021-02-03;2,2428278321187
2021-02-04;2,2983041389202
2021-02-05;2,4885086193825
2021-02-08;2,6549375397871
2021-02-09;2,5915360462997
2021-02-10;2,5677604862419
2021-02-11;2,5677604862419
2021-02-12;2,5281345528122
2021-02-15;2,5756856729278
2021-02-16;2,8055160868198
2021-02-17;2,7738153400761
2021-02-18;2,7183390332746
2021-02-19;2,8055160868198
2021-02-22;2,8292916468776
2021-02-23;2,7579649667042
2021-02-24;2,8372168335635
2021-02-25;2,7738153400761
2021-02-26;2,7738153400761
2021-03-01;2,7896657134479
2021-03-02;2,8530672069354
2021-03-03;2,900618327051
2021-03-04;2,8926931403651
2021-03-05;2,8530672069354
2021-03-08;2,8372168335635
2021-03-09;2,9085435137369
2021-03-10;3,0511968740837
2021-03-11;3,1145983675711
2021-03-12;3,3285784080913
2021-03-15;3,4474562083803
2021-03-16;3,5267080752396
2021-03-17;3,4395310216943
2021-03-18;3,5267080752396
2021-03-19;3,7644636758175
2021-03-22;3,8833414761065
2021-03-23;4,0220322431103
2021-03-24;3,8912666627925
2021-03-25;3,8199399826191
2021-03-26;4,1012841099696
2021-03-29;4,06165817654
2021-03-30;3,9625933429658
2021-03-31;3,9824063096807
2021-04-06;4,1527978234282
2021-04-07;4,0735459565689
2021-04-08;4,0814711432548
2021-04-09;4,0973215166267
2021-04-12;4,5490571577248
2021-04-13;4,755112011559
2021-04-14;4,866064625162
2021-04-15;5,1989224659712
2021-04-16;5,2306232127149
2021-04-19;5,3891269464335
2021-04-20;5,2464735860868
2021-04-21;5,0958950390541
2021-04-22;5,1196705991119
2021-04-23;5,2860995195164
2021-04-26;5,4683788132929
2021-04-27;5,7536855339864
2021-04-28;5,563481053524
2021-04-29;5,57140624021
2021-04-30;5,5080047467225
2021-05-03;5,6665084804411
2021-05-04;5,5317803067803
2021-05-05;5,4763039999788
2021-05-06;5,2940247062024
2021-05-07;5,5793314268959
2021-05-10;5,6268825470115
2021-05-11;5,5080047467225
2021-05-12;5,4129025064913
2021-05-13;5,4683788132929
2021-05-14;5,5238551200944
2021-05-17;5,4406406598921
2021-05-18;5,6110321736396
2021-05-19;5,6189573603256
2021-05-20;6,0627678147377
2021-05-21;6,379775282175
2021-05-24;6,3005234153157
2021-05-25;6,6333812561248
2021-05-26;6,5779049493233
2021-05-27;6,6413064428107
2021-05-28;6,8711368567028
2021-05-31;6,8077353632153
2021-06-01;6,8156605499012
2021-06-02;6,9266131635043
2021-06-03;6,8632116700168
2021-06-04;6,8632116700168
2021-06-07;6,8711368567028
2021-06-08;6,8949124167606
2021-06-09;6,9900146569917
2021-06-10;7,4496754847758
2021-06-11;7,8617851924442
2021-06-14;8,0440644862206
2021-06-15;8,0242515195058
2021-06-16;8,3016330535134
2021-06-17;8,8563961215286
2021-06-18;8,6384534876655
2021-06-21;8,8365831548138
2021-06-22;8,6780794210952
2021-06-23;9,8470444572701
2021-06-24;10,223490824852
2021-06-25;10,699002026008
2021-06-28;11,095261360304
2021-06-29;10,956570593301
2021-06-30;11,095261360304
2021-07-01;10,183864891422
2021-07-02;8,4006978870876
2021-07-05;8,6186405209507
2021-07-06;8,4205108538024
2021-07-07;8,2818200867986
2021-07-08;7,7904585122708
2021-07-09;8,3214460202283
2021-07-12;8,7177053545248
2021-07-13;8,4006978870876
2021-07-14;8,6582664543804
2021-07-15;8,7375183212397
2021-07-16;9,1139646888214
2021-07-19;8,004438552791
2021-07-20;8,2223811866541
2021-07-21;8,3412589869431
2021-07-22;8,4205108538024
2021-07-23;8,4997627206617
2021-07-26;8,7177053545248
2021-07-27;8,5592016208062
2021-07-28;8,5195756873765
2021-07-29;8,9554609551028
2021-07-30;9,0743387553918
2021-08-02;9,4111591895439
2021-08-03;9,1734035889659
2021-08-04;9,8272314905553
2021-08-05;10,183864891422
2021-08-06;10,263116758282
2021-08-09;10,619750159148
2021-08-10;10,38199455857
2021-08-11;10,203677858137
2021-08-12;10,580124225719
2021-08-13;10,699002026008
2021-08-16;10,481059392145
2021-08-17;10,38199455857
2021-08-18;10,619750159148
2021-08-19;9,9461092908442
2021-08-20;9,7876055571256
2021-08-23;10,342368625141
2021-08-24;10,064987091133
2021-08-25;10,699002026008
2021-08-26;10,580124225719
2021-08-27;10,540498292289
2021-08-30;10,46124642543
2021-08-31;9,8668574239849
2021-09-01;9,8470444572701
2021-09-02;10,203677858137
2021-09-03;10,084800057848
2021-09-06;9,9262963241294
2021-09-07;10,401807525285
2021-09-08;9,9659222575591
2021-09-09;10,084800057848
2021-09-10;10,183864891422
2021-09-13;9,9262963241294
2021-09-14;9,8272314905553
2021-09-15;9,9857352242739
2021-09-16;10,243303791567
2021-09-17;10,005548190989
2021-09-20;8,7177053545248
2021-09-21;8,6780794210952
2021-09-22;9,0941517221066
2021-09-23;8,7177053545248
2021-09-24;8,69789238781
2021-09-27;8,4205108538024
2021-09-28;8,4205108538024
2021-09-29;8,69789238781
2021-09-30;8,2223811866541
2021-10-01;8,4006978870876
2021-10-04;7,7983836989568
2021-10-05;8,2620071200838
2021-10-06;7,9846255860762
2021-10-07;8,2223811866541
2021-10-08;7,9251866859317
2021-10-11;7,7825333255849
2021-10-12;7,8300844457005
2021-10-13;7,4972266048914
2021-10-14;7,3862739912883
2021-10-15;7,3941991779742
2021-10-18;7,6795058986678
2021-10-19;8,12331635308
2021-10-20;7,9648126193613
2021-10-21;7,7508325788412
2021-10-22;7,774608138899
2021-10-25;7,9251866859317
2021-10-26;8,4205108538024
2021-10-27;7,8617851924442
2021-10-28;7,8617851924442
2021-10-29;7,9093363125598
2021-11-01;8,0440644862206
2021-11-02;8,2223811866541
2021-11-03;8,4006978870876
2021-11-04;8,3412589869431
2021-11-05;8,0440644862206
2021-11-08;7,8697103791301
2021-11-09;7,9093363125598
2021-11-10;7,8459348190724
2021-11-11;8,1629422865096
2021-11-12;8,0242515195058
2021-11-15;7,885560752502
2021-11-16;7,5527029116929
2021-11-17;7,8697103791301
2021-11-18;7,6319547785522
2021-11-19;8,816770188099
2021-11-22;8,6384534876655
2021-11-23;8,3610719536579
2021-11-24;8,0836904196503
2021-11-25;8,2818200867986
2021-11-26;8,1827552532245
2021-11-29;8,579014587521
2021-11-30;8,5195756873765
2021-12-01;8,4403238205172
2021-12-02;8,3610719536579
2021-12-03;8,3808849203727
2021-12-06;7,9648126193613
2021-12-07;8,4205108538024
2021-12-08;8,7771442546693
2021-12-09;8,5592016208062
2021-12-10;8,6384534876655
2021-12-13;8,5592016208062
2021-12-14;8,3016330535134
2021-12-15;8,4006978870876
2021-12-16;8,8563961215286
2021-12-17;8,7573312879545
2021-12-20;9,1734035889659
2021-12-21;9,1535906222511
2021-12-22;9,1337776555363
2021-12-23;9,1535906222511
2021-12-24;9,1932165556807
2021-12-27;9,3319073226845
2021-12-28;9,4111591895439
2021-12-29;9,510224023118
2021-12-30;9,7281666569811
2021-12-31;9,6191953400496
2022-01-03;10,282929724996
2022-01-04;10,243303791567
2022-01-05;10,520685325574
2022-01-06;10,580124225719
2022-01-07;10,758440926152
2022-01-10;10,045174124418
2022-01-11;10,421620492
2022-01-12;10,798066859582
2022-01-13;10,976383560015
2022-01-14;11,313203994167
2022-01-17;11,03582246016
2022-01-18;11,07544839359
2022-01-19;11,907592995612
2022-01-20;12,125535629475
2022-01-21;11,927405962327
2022-01-24;11,511333661316
2022-01-25;11,471707727886
2022-01-26;11,808528162038
2022-01-27;12,264226396479
2022-01-28;12,402917163483
2022-01-31;11,867967062183
2022-02-01;11,927405962327
2022-02-02;12,482169030342
2022-02-03;12,442543096913
2022-02-04;12,105722662761
2022-02-07;12,085909696046
2022-02-08;12,547371702622
2022-02-09;12,371576652498
2022-02-10;13,140679996792
2022-02-11;13,052782471729
2022-02-14;12,129858458577
2022-02-15;12,173807221108
2022-02-16;12,65724360895
2022-02-17;12,393551033763
2022-02-18;12,217755983639
2022-02-21;11,86616588339
2022-02-22;12,195781602373
2022-02-23;12,305653508701
2022-02-24;11,800242739594
2022-02-25;12,305653508701
2022-02-28;12,129858458577
2022-03-01;12,041960933515
2022-03-02;11,646422070735
2022-03-03;11,86616588339
2022-03-04;11,800242739594
2022-03-07;11,558524545673
2022-03-08;11,580498926938
2022-03-09;12,151832839842
2022-03-10;11,998012170984
2022-03-11;11,778268358328
2022-03-14;11,844191502125
2022-03-15;11,910114645921
2022-03-16;12,283679127436
2022-03-17;13,030808090464
2022-03-18;13,074756852995
2022-03-21;12,745141134012
2022-03-22;12,65724360895
2022-03-23;12,920936184136
2022-03-24;11,785124365283
2022-03-25;11,534377038362
2022-03-28;12,446185499893
2022-03-29;12,537366346046
2022-03-30;12,719728038352
2022-03-31;13,494765230653
2022-04-01;14,338188057569
2022-04-04;14,702911442181
2022-04-05;14,566140172951
2022-04-06;13,517560442191
2022-04-07;13,357993961423
2022-04-08;12,924884942196
2022-04-11;12,560161557584
2022-04-12;12,423390288355
2022-04-13;12,241028596048
2022-04-14;12,423390288355
2022-04-19;12,902089730658
2022-04-20;13,016065788349
2022-04-21;13,184750353733
2022-04-22;12,765318461429
2022-04-25;12,113375411434
2022-04-26;12,286619019125
2022-04-27;12,74252324989
2022-04-28;12,947680153735
2022-04-29;12,906648772966
2022-05-02;12,4507445422
2022-05-03;12,43250837297
2022-05-04;12,505453049892
2022-05-05;12,359563696047
2022-05-06;12,272941892202
2022-05-09;11,5571722499
2022-05-10;12,00395839605
2022-05-11;12,190879130664
2022-05-12;11,990281269128
2022-05-13;12,409713161432
2022-05-16;12,555602515276
2022-05-17;12,35500465374
2022-05-18;12,692373784506
2022-05-19;12,21823338451
2022-05-20;12,610311022968
2022-05-23;12,418831246047
2022-05-24;12,555602515276
2022-05-25;12,582956769122
2022-05-26;12,61714958643
2022-05-27;12,473539753739
2022-05-30;12,21823338451
2022-05-31;12,031312649896
2022-06-01;12,172642961434
2022-06-02;12,086021157588
2022-06-03;12,122493496049
2022-06-06;12,241028596048
2022-06-07;12,213674342203
2022-06-08;11,475109488363
2022-06-09;11,010087172982
2022-06-10;10,759339846061
2022-06-13;10,408293588372
2022-06-14;10,599773365293
2022-06-15;10,545064857601
2022-06-16;9,9569483999142
2022-06-17;10,075483499913
2022-06-20;10,335348911449
2022-06-21;10,517710603756
2022-06-22;10,339907953757
2022-06-23;9,3686039901116
2022-06-24;9,213617208053
2022-06-27;9,4102422300677
2022-06-28;9,2113039724999
2022-06-29;9,2390627991372
2022-06-30;9,0146789504852
2022-07-01;8,78798186628
2022-07-04;8,8550656973203
2022-07-05;8,7347774485584
2022-07-06;8,9429686483386
2022-07-07;9,396362816749
2022-07-08;9,4056157589614
2022-07-11;9,4518804700237
2022-07-12;9,5814216609981
2022-07-13;9,7294687363974
2022-07-14;9,9284069939652
2022-07-15;10,233754086976
2022-07-18;10,432692344544
2022-07-19;10,867580628529
2022-07-20;10,539101179987
2022-07-21;10,391054104588
2022-07-22;10,608498246581
2022-07-25;10,428065873438
2022-07-26;10,317030566888
2022-07-27;10,455824700075
2022-07-28;10,566860006625
2022-07-29;10,83056885968
2022-08-01;10,987868877291
2022-08-02;11,168301250434
2022-08-03;11,223818903709
2022-08-04;11,242324788134
2022-08-05;11,233071845921
2022-08-08;11,03876005946
2022-08-09;10,946230637335
2022-08-10;11,057265943885
2022-08-11;11,149795366009
2022-08-12;11,52916599672
2022-08-15;11,135915952691
2022-08-16;10,779677677511
2022-08-17;10,807436504149
2022-08-18;11,56617776557
2022-08-19;10,515968824456
2022-08-22;9,9792981761337
2022-08-23;10,118092309321
2022-08-24;10,025562887196
2022-08-25;9,9607922917088
2022-08-26;9,803492274097
2022-08-29;9,7664805052472
2022-08-30;9,6323128431666
2022-08-31;9,5305304788296
2022-09-01;9,4472539989175
2022-09-02;9,3686039901116
2022-09-05;9,3917363456428
2022-09-06;9,1719789680969
2022-09-07;8,92908923502
2022-09-08;8,92908923502
2022-09-09;9,2298098569248
2022-09-12;9,3639775190054
2022-09-13;9,2575686835622
2022-09-14;9,5860481321043
2022-09-15;9,3732304612178
2022-09-16;9,17429220365
2022-09-19;9,0031127727196
2022-09-20;9,4009892878552
2022-09-21;9,6693246120164
2022-09-22;9,1645554029923
2022-09-23;8,6387993298733
2022-09-26;8,7376800592214
2022-09-27;9,0294987970535
2022-09-28;9,0005580957809
2022-09-29;8,7569738600698
2022-09-30;8,7907380115545
2022-10-03;9,101850550235
2022-10-04;9,1886726540529
2022-10-05;8,8462076889937
2022-10-06;8,9667939442962
2022-10-07;8,9137359919631
2022-10-10;8,9836760200386
2022-10-11;8,5350951503131
2022-10-12;8,7690324856
2022-10-13;9,0801450242806
2022-10-14;9,1645554029923
2022-10-17;9,3888458378551
2022-10-18;9,671017675263
2022-10-19;9,5021969178394
2022-10-20;8,5953882779644
2022-10-21;8,3349219665109
2022-10-24;8,2601584882234
2022-10-25;8,3228633409807
2022-10-26;8,1661012090874
2022-10-27;8,0455149537849
2022-10-28;7,8815176465734
2022-10-31;7,910458347846
2022-11-01;8,149219133345
2022-11-02;8,0406915035728
2022-11-03;7,8308714193464
2022-11-04;7,8694590210432
2022-11-07;8,0865142805877
2022-11-08;8,1106315316482
2022-11-09;8,0213977027244
2022-11-10;8,0575735793151
2022-11-11;8,0286328780425
2022-11-14;8,0406915035728
2022-11-15;7,9852218261336
2022-11-16;7,8549886704069
2022-11-17;8,0696322048454
2022-11-18;8,3325102414049
2022-11-21;8,4265675205409
2022-11-22;8,7786793860242
2022-11-23;8,7256214336911
2022-11-24;8,7738559358121
2022-11-25;8,7859145613424
2022-11-28;8,7642090353879
2022-11-29;8,8992656413268
2022-11-30;8,9354415179175
2022-12-01;8,8992656413268
2022-12-02;8,6749752064641
2022-12-05;8,9161477170691
2022-12-06;8,8269138881453
2022-12-07;8,7714442107061
2022-12-08;8,7232097085851
2022-12-09;8,9185594421752
2022-12-12;9,0415574225838
2022-12-13;9,1187326259774
2022-12-14;8,6870338319943
2022-12-15;9,0246753468414
2022-12-16;9,0126167213112
2022-12-19;8,8872070157965
2022-12-20;9,0839555499481
2022-12-21;9,0571592208922
2022-12-22;9,0035665627805
2022-12-23;9,0893148157593
2022-12-27;9,0946740815705
2022-12-28;8,7248847405992
2022-12-29;8,824031158106
2022-12-30;8,7088069431656
2023-01-02;8,9526535375743
2023-01-03;8,8025940948612
2023-01-04;8,510514108152
2023-01-05;8,2854249440825
2023-01-06;8,3041823744216
2023-01-09;8,2720267795545
2023-01-10;8,2505897163098
2023-01-11;8,1809192607645
2023-01-12;8,0951710077856
2023-01-13;8,1192877039359
2023-01-16;8,2371915517819
2023-01-17;8,3550953996278
2023-01-18;8,2854249440825
2023-01-19;8,1996766911036
2023-01-20;8,360454665439
2023-01-23;8,406008424834
2023-01-24;8,3684935641558
2023-01-25;8,060335780013
2023-01-26;7,9799467928453
2023-01-27;8,0121023877124
2023-01-30;8,1273266026527
2023-01-31;8,4729992474737
2023-02-01;8,7784773987109
2023-02-02;9,2313353597556
2023-02-03;9,3304817772624
2023-02-06;9,4912597515977
2023-02-07;8,6820106141097
2023-02-08;8,9767702337246
2023-02-09;8,9687313350078
2023-02-10;8,9312164743295
2023-02-13;8,9580128033854
2023-02-14;9,1455871067767
2023-02-15;9,110751879004
2023-02-16;9,2206168281332
2023-02-17;9,2929669165841
2023-02-20;9,5398682925051
2023-02-21;9,6013257163514
2023-02-22;9,5007590227847
2023-02-23;9,8834711621912
2023-02-24;9,8918517199885
2023-02-27;10,232661070409
2023-02-28;10,336021283241
2023-03-01;10,246628666738
2023-03-02;10,336021283241
2023-03-03;10,63213432541
2023-03-06;10,584644497892
2023-03-07;10,646101921739
2023-03-08;10,861202905201
2023-03-09;10,718733422648
2023-03-10;10,7634297309
2023-03-13;10,486871323591
2023-03-14;10,713146384116
2023-03-15;10,431000938276
2023-03-16;10,604199132752
2023-03-17;10,506425958451
2023-03-20;10,556709305235
2023-03-21;10,710352864851
2023-03-22;10,749462134571
2023-03-23;10,523801648284
2023-03-24;10,200648990487
2023-03-27;10,133579570944
2023-03-28;10,023829611691
2023-03-29;10,020781001712
2023-03-30;9,9110310424602
2023-03-31;10,173211500674
2023-04-03;9,5817811647039
2023-04-04;9,5299547950571
2023-04-05;9,6031214345585
2023-04-06;9,6397047543092
2023-04-11;9,9506629721901
2023-04-12;10,008586561795
2023-04-13;10,353079489448
2023-04-14;10,603065507744
2023-04-17;11,151815304005
2023-04-18;11,514599891532
2023-04-19;10,950607045376
2023-04-20;11,215836113568
2023-04-21;10,840857086124
2023-04-24;10,956704265334
2023-04-25;10,773787666581
2023-04-26;10,587822457848
2023-04-27;10,566482187994
2023-04-28;10,670134927287
2023-05-02;10,456732228741
2023-05-03;10,286010069905
2023-05-04;9,962857412107
2023-05-05;10,084801811276
2023-05-08;10,014683781754
2023-05-09;10,090899031234
2023-05-10;10,18540594059
2023-05-11;10,374419759302
2023-05-12;10,639648827495
2023-05-15;10,65794048737
2023-05-16;10,627454387578
2023-05-17;10,624405777599
2023-05-18;10,624405777599
2023-05-19;10,831711256186
2023-05-22;10,685377977183
2023-05-23;11,584717921055
2023-05-24;12,212731576775
2023-05-25;12,426134275321
2023-05-26;12,566370334365
2023-05-29;12,654780023763
2023-05-30;12,840745232495
2023-05-31;12,730995273243
2023-06-01;12,865134112329
2023-06-02;12,621245313991
2023-06-05;12,694411953493
2023-06-06;12,487106474905
2023-06-07;12,590759214199
2023-06-08;12,840745232495
2023-06-09;12,609050874074
2023-06-12;12,511495354739
2023-06-13;12,609050874074
2023-06-14;12,432231495279
2023-06-15;12,081641347668
2023-06-16;12,352967635819
2023-06-19;12,291995436235
2023-06-20;12,316384316069
2023-06-21;11,835618522345
2023-06-22;11,562822705172
2023-06-23;11,454324368796
2023-06-26;11,383025462035
2023-06-27;11,265227268256
2023-06-28;11,283826983063
2023-06-29;11,187728456559
2023-06-30;11,352025937356
2023-07-03;11,339626127485
2023-07-04;11,407825081778
2023-07-05;11,438824606457
2023-07-06;11,779819377923
2023-07-07;11,810818902602
2023-07-10;11,965816525996
2023-07-11;12,244812248104
2023-07-12;12,182813198747
2023-07-13;12,012315813014
2023-07-14;11,922417191445
2023-07-17;11,662021184144
2023-07-18;11,71162042363
2023-07-19;11,720920281033
2023-07-20;11,618621849594
2023-07-21;11,497723703347
2023-07-24;11,519423370622
2023-07-25;11,42022489165
2023-07-26;11,376825557099
2023-07-27;11,497723703347
2023-07-28;11,569022610108
2023-07-31;11,736420043373
2023-08-01;11,75501975818
2023-08-02;11,578322467511
2023-08-03;11,699220613758
2023-08-04;11,761219663116
2023-08-07;11,534923132961
2023-08-08;11,460524273732
2023-08-09;11,578322467511
2023-08-10;11,52252332309
2023-08-11;11,60932199219
2023-08-14;11,823218712473
2023-08-15;11,854218237152
2023-08-16;12,303711344994
2023-08-17;12,371910299287
2023-08-18;12,406009776434
2023-08-21;11,702320566226
2023-08-22;11,727120185969
2023-08-23;11,31792646021
2023-08-24;11,314826507742
2023-08-25;11,348925984889
2023-08-28;11,200128266431
2023-08-29;11,395425271907
2023-08-30;11,432624701521
2023-08-31;11,42022489165
2023-09-01;11,407825081778
2023-09-04;11,531823180493
2023-09-05;11,336526175017
2023-09-06;11,190828409027
2023-09-07;11,190828409027
2023-09-08;11,237327696045
2023-09-11;11,485323893475
2023-09-12;11,497723703347
2023-09-13;11,383025462035
2023-09-14;11,587622324915
2023-09-15;11,643421469337
2023-09-18;11,972016430931
2023-09-19;11,903817476638
2023-09-20;11,772937483444
2023-09-21;11,908414324451
2023-09-22;11,989700429054
2023-09-25;11,800032851646
2023-09-26;11,823741298822
2023-09-27;11,854223588048
2023-09-28;11,844062824973
2023-09-29;11,810193614721
2023-10-02;11,854223588048
2023-10-03;11,833902061897
2023-10-04;11,380054644526
2023-10-05;11,827128219847
2023-10-06;12,179368006463
2023-10-09;12,436774004375
2023-10-10;12,348714057721
2023-10-11;12,277588716193
2023-10-12;12,541768556155
2023-10-13;12,385970188998
2023-10-16;12,203076453639
2023-10-17;12,060825770583
2023-10-18;11,935509692652
2023-10-19;11,942283534702
2023-10-20;11,762776720369
2023-10-23;11,583269906036
2023-10-24;11,762776720369
2023-10-25;10,80427807025
2023-10-26;10,702670439495
2023-10-27;10,932981069206
2023-10-30;10,763635017948
2023-10-31;10,685735834369
2023-11-01;10,658640466168
2023-11-02;10,746700412822
2023-11-03;10,2725314693
2023-11-06;9,7170764211744
2023-11-07;9,4461227391618
2023-11-08;9,4833788704385
2023-11-09;9,6425641586209
2023-11-10;9,4359619760864
2023-11-13;9,3275805032813
2023-11-14;9,3953189237845
2023-11-15;9,5172480806901
2023-11-16;9,3479020294323
2023-11-17;9,429188134036
2023-11-20;9,5815995801681
2023-11-21;9,3682235555832
2023-11-22;9,4833788704385
2023-11-23;9,5511172909417
2023-11-24;9,5511172909417
2023-11-27;9,5545042119668
2023-11-28;9,4698311863379
2023-11-29;9,3953189237845
2023-11-30;9,3919320027593
2023-12-01;9,5917603432436
2023-12-04;9,7373979473253
2023-12-05;9,6696595268222
2023-12-06;9,8864224724322
2023-12-07;9,5240219227404
2023-12-08;9,5849865011932
2023-12-11;9,6594987637467
2023-12-12;9,3038720561052
2023-12-13;9,1658211551199
2023-12-14;9,925503958064
2023-12-15;10,570661715338
2023-12-18;10,780624299066
2023-12-19;10,765354292977
2023-12-20;10,620289235128
2023-12-21;10,68900426253
2023-12-22;10,906601849303
2023-12-27;10,31107161182
2023-12-28;10,204181569194
2023-12-29;10,173641557016
2024-01-02;10,36069913161
2024-01-03;10,70427426862
2024-01-04;11,368519533506
2024-01-05;11,322709515238
2024-01-08;10,81879931429
2024-01-09;10,891331843214
2024-01-10;10,856974329513
2024-01-11;10,849339326468
2024-01-12;11,158556949777
2024-01-15;11,253994487836
2024-01-16;11,337979521327
2024-01-17;11,452504566997
2024-01-18;11,643379643114
2024-01-19;11,704459667471
2024-01-22;12,101479825793
2024-01-23;11,452504566997
2024-01-24;11,796079704007
2024-01-25;12,025129795347
2024-01-26;12,101479825793
2024-01-29;11,910604749677
2024-01-30;11,918239752721
2024-01-31;12,101479825793
2024-02-01;12,216004871463
2024-02-02;11,815167211618
2024-02-05;11,818984713141
2024-02-06;12,051852306003
2024-02-07;11,910604749677
2024-02-08;11,639562141591
2024-02-09;11,658649649203
2024-02-12;11,589934621801
2024-02-13;11,536489600488
2024-02-14;11,540307102011
2024-02-15;10,948594366049
2024-02-16;11,066936913241
2024-02-19;11,303622007626
2024-02-20;11,460139570042
2024-02-21;11,547942105055
2024-02-22;11,589934621801
2024-02-23;11,891517242065
2024-02-26;11,486862080698
2024-02-27;10,711909271664
2024-02-28;10,467589174235
2024-02-29;10,417961654445
2024-03-01;10,345429125521
2024-03-04;10,284349101163
2024-03-05;10,211816572239
2024-03-06;10,040029003734
2024-03-07;10,059116511346
2024-03-08;10,097291526569
2024-03-11;10,043846505256
2024-03-12;10,29580160573
2024-03-13;10,299619107253
2024-03-14;10,009488991555
2024-03-15;10,253809088985
2024-03-18;10,383604140744
2024-03-19;10,520499745335
2024-03-20;10,270213662684
2024-03-21;10,274455799678
2024-03-22;9,8629685112513
2024-03-25;10,333845717595
2024-03-26;10,68170095111
2024-03-27;10,643521718163
2024-03-28;10,647763855157
2024-04-02;10,630795307181
2024-04-03;10,906534211797
2024-04-04;11,474980569004
2024-04-05;11,220452349359
2024-04-08;11,351958596176
2024-04-09;11,004103362661
2024-04-10;10,838660019891
2024-04-11;11,1907573904
2024-04-12;11,313779363229
2024-04-15;11,093188239536
2024-04-16;11,042282595607
2024-04-17;11,339232185193
2024-04-18;11,05500900659
2024-04-19;11,322263637217
2024-04-22;11,831320076507
2024-04-23;11,848288624484
2024-04-24;13,481511367207
2024-04-25;13,829366600722
2024-04-26;14,643856903587
2024-04-29;15,102007698948
2024-04-30;15,199576849812
2024-05-02;15,025649233055
2024-05-03;14,851721616297
2024-05-06;14,834753068321
2024-05-07;15,182608301836
2024-05-08;15,780749618002
2024-05-09;15,60257986425
2024-05-10;16,077699207588
2024-05-13;16,76492540063
2024-05-14;16,629177016819
2024-05-15;16,8582524145
2024-05-16;17,061874990216
2024-05-17;17,13823345611
2024-05-20;17,13823345611
2024-05-21;17,6472898954
2024-05-22;17,13823345611
2024-05-23;16,137089125505
2024-05-24;16,807346770571
2024-05-27;17,095812086169
2024-05-28;18,283610444513
2024-05-29;18,775698335827
2024-05-30;18,639949952016
2024-05-31;19,098100747378
2024-06-03;18,962352363567
2024-06-04;19,344144693035
2024-06-05;19,530798720775
2024-06-06;19,259301953153
2024-06-07;18,962352363567
2024-06-10;18,99628945952
2024-06-11;18,003629402903
2024-06-12;18,461780198265
2024-06-13;17,418214497719
2024-06-14;16,9303687434
2024-06-17;17,808491101175
2024-06-18;17,884849567069
2024-06-19;17,842428197128
2024-06-20;18,625696371716
2024-06-21;18,417537471546
2024-06-24;19,060114945984
2024-06-25;19,096316493839
2024-06-26;19,684591646493
2024-06-27;20,643932664667
2024-06-28;20,37242105575
2024-07-01;19,938002481482
2024-07-02;20,852091564837
2024-07-03;21,078351238935
2024-07-04;20,625831890739
2024-07-05;20,345269894858
2024-07-08;19,784145903096
2024-07-09;19,910851320591
2024-07-10;20,173312542544
2024-07-11;19,277324233117
2024-07-12;19,25922345919
2024-07-15;18,897207980633
2024-07-16;19,023913398128
2024-07-17;19,023913398128
2024-07-18;19,069165332948
2024-07-19;18,607595597788
2024-07-22;19,95610325541
2024-07-23;20,028506351122
2024-07-24;19,286374620081
2024-07-25;19,413080037576
2024-07-26;19,304475394009
2024-07-29;20,272866799147
2024-07-30;20,453874538425
2024-07-31;20,716335760378
2024-08-01;20,408622603606
2024-08-02;19,566936615962
2024-08-05;19,458331972396
2024-08-06;19,639339711674
2024-08-07;20,336219507894
2024-08-08;20,354320281822
2024-08-09;20,499126473245
2024-08-12;20,797789243053
2024-08-13;20,426723377533
2024-08-14;20,74348692127
2024-08-15;20,109959833797
2024-08-16;20,019455964158
2024-08-19;20,363370668786
2024-08-20;19,58503738989
2024-08-21;20,028506351122
2024-08-22;20,055657512013
2024-08-23;20,073758285941
2024-08-26;21,141703947682
2024-08-27;22,173448061567
2024-08-28;19,032963785092
2024-08-29;19,711742807385
2024-08-30;20,100909446833
2024-09-02;19,729843581313
2024-09-03;19,539785455071
2024-09-04;19,738893968277
2024-09-05;19,322576167937
2024-09-06;19,458331972396
2024-09-09;19,503583907215
2024-09-10;19,367828102756
2024-09-11;19,594087776854
2024-09-12;20,734436534306
2024-09-13;20,471975312353
2024-09-16;20,508176860208
2024-09-17;21,158718675174
2024-09-18;21,225076663851
2024-09-19;21,566346319902
2024-09-20;20,997563559816
2024-09-23;20,409821374395
2024-09-24;20,959644709144
2024-09-25;22,135129079987
2024-09-26;22,703911840072
2024-09-27;22,410040747362
2024-09-30;23,083100346796
2024-10-01;23,035701783456
2024-10-02;23,414890290179
2024-10-03;23,642403394213
2024-10-04;22,182527643328
2024-10-07;22,902985806102
2024-10-08;22,893506093434
2024-10-09;22,220446494
2024-10-10;22,893506093434
2024-10-11;22,940904656775
2024-10-14;22,921945231438
2024-10-15;22,542756724715
2024-10-16;22,504837874043
2024-10-17;22,836627817426
2024-10-18;22,789229254085
2024-10-21;23,102059772132
2024-10-22;23,5570859802
2024-10-23;22,637553851396
2024-10-24;22,192007355996
2024-10-25;22,106689941983
2024-10-28;21,898136263285
2024-10-29;21,926575401289
2024-10-30;20,096990856348
2024-10-31;20,561496777084
2024-11-01;20,940685283808
2024-11-04;20,798489593787
2024-11-05;21,37675206654
2024-11-06;20,694212754438
2024-11-07;21,234556376519
2024-11-08;21,073401261161
2024-11-11;21,300914365195
2024-11-12;21,016522985153
2024-11-13;21,367272353872
2024-11-14;22,713391552741
2024-11-15;22,988303220115
2024-11-18;23,794078796903
2024-11-19;24,068990464277
2024-11-20;25,216035697116
2024-11-21;24,457658683669
2024-11-22;24,277544142975
2024-11-25;21,945534826625
2024-11-26;21,803339136604
2024-11-27;20,665773616433
2024-11-28;20,589935915089
2024-11-29;20,504618501076
2024-12-02;20,618375053093
2024-12-03;21,063921548493
2024-12-04;21,319873790531
2024-12-05;21,234556376519
2024-12-06;20,760570743114
2024-12-09;20,694212754438
2024-12-10;20,656293903765
2024-12-11;20,599415627757
2024-12-12;20,31
2024-12-13;20,24
2024-12-16;20,17
2024-12-17;19,25
2024-12-18;19,685
2024-12-19;20,07
2024-12-20;20,12
2024-12-23;20,47
2024-12-24;20,36
2024-12-27;20,74
2024-12-30;20,73
2024-12-31;20,88
2025-01-02;21,8
2025-01-03;21,43
2025-01-06;20,3
2025-01-07;20,2
2025-01-08;20,22
2025-01-09;19,73
2025-01-10;19,775
2025-01-13;19,09
2025-01-14;19,025
2025-01-15;19,12
2025-01-16;18,835
2025-01-17;18,36
2025-01-20;18,7
2025-01-21;18,58
2025-01-22;18,16
2025-01-23;18,69
2025-01-24;18,21
2025-01-27;18,435
2025-01-28;18,18
2025-01-29;18,145
2025-01-30;18,23
2025-01-31;18,4
2025-02-03;18,17
2025-02-04;18,85
2025-02-05;18,48
2025-02-06;18,4
2018-01-29;20,803615050571
2018-01-30;20,407355716274
2018-01-31;20,605485383422
2018-02-01;20,605485383422
2018-02-02;20,605485383422
2018-02-05;20,011096381977
2018-02-06;19,73371484797
2018-02-07;20,209226049126
2018-02-08;19,812966714829
2018-02-09;19,812966714829
2018-02-12;20,407355716274
2018-02-13;20,605485383422
2018-02-14;20,209226049126
2018-02-15;20,605485383422
2018-02-16;20,605485383422
2018-02-19;20,605485383422
2018-02-20;20,605485383422
2018-02-21;20,605485383422
2018-02-22;20,605485383422
2018-02-23;20,605485383422
2018-02-26;20,605485383422
2018-02-27;20,605485383422
2018-02-28;20,407355716274
2018-03-01;20,803615050571
2018-03-02;20,209226049126
2018-03-05;20,605485383422
2018-03-06;20,407355716274
2018-03-07;20,407355716274
2018-03-08;20,407355716274
2018-03-09;20,011096381977
2018-03-12;19,812966714829
2018-03-13;20,011096381977
2018-03-14;20,011096381977
2018-03-15;20,011096381977
2018-03-16;20,209226049126
2018-03-19;19,495959247392
2018-03-20;20,209226049126
2018-03-21;20,209226049126
2018-03-22;20,407355716274
2018-03-23;19,812966714829
2018-03-26;19,812966714829
2018-03-27;19,812966714829
2018-03-28;19,812966714829
2018-04-03;19,812966714829
2018-04-04;19,416707380533
2018-04-05;19,099699913095
2018-04-06;19,020448046236
2018-04-09;19,258203646814
2018-04-10;19,495959247392
2018-04-11;19,495959247392
2018-04-12;19,495959247392
2018-04-13;19,495959247392
2018-04-16;19,416707380533
2018-04-17;19,099699913095
2018-04-18;18,941196179377
2018-04-19;19,099699913095
2018-04-20;19,020448046236
2018-04-23;19,099699913095
2018-04-24;19,416707380533
2018-04-25;19,416707380533
2018-04-26;19,337455513673
2018-04-27;19,020448046236
2018-04-30;19,099699913095
2018-05-02;19,495959247392
2018-05-03;19,812966714829
2018-05-04;20,011096381977
2018-05-07;19,73371484797
2018-05-08;19,812966714829
2018-05-09;19,812966714829
2018-05-11;20,209226049126
2018-05-14;20,407355716274
2018-05-15;20,605485383422
2018-05-16;20,605485383422
2018-05-18;20,407355716274
2018-05-22;20,407355716274
2018-05-23;20,605485383422
2018-05-24;20,407355716274
2018-05-25;20,605485383422
2018-05-28;20,803615050571
2018-05-29;21,001744717719
2018-05-30;21,596133719164
2018-05-31;21,794263386312
2018-06-01;22,190522720609
2018-06-04;22,190522720609
2018-06-05;21,001744717719
2018-06-06;21,794263386312
2018-06-07;22,190522720609
2018-06-08;21,99239305346
2018-06-11;21,99239305346
2018-06-12;21,99239305346
2018-06-13;21,794263386312
2018-06-14;21,794263386312
2018-06-15;21,794263386312
2018-06-18;21,398004052016
2018-06-19;21,398004052016
2018-06-20;21,596133719164
2018-06-21;21,199874384867
2018-06-22;20,803615050571
2018-06-25;20,407355716274
2018-06-26;21,199874384867
2018-06-27;20,803615050571
2018-06-28;20,011096381977
2018-06-29;21,596133719164
2018-07-02;20,803615050571
2018-07-03;20,803615050571
2018-07-04;21,001744717719
2018-07-05;21,001744717719
2018-07-06;21,001744717719
2018-07-09;21,001744717719
2018-07-10;21,001744717719
2018-07-11;20,407355716274
2018-07-12;20,407355716274
2018-07-13;20,407355716274
2018-07-16;20,209226049126
2018-07-17;20,209226049126
2018-07-18;20,011096381977
2018-07-19;20,407355716274
2018-07-20;20,209226049126
2018-07-23;20,209226049126
2018-07-24;20,209226049126
2018-07-25;20,011096381977
2018-07-26;20,407355716274
2018-07-27;20,605485383422
2018-07-30;20,011096381977
2018-07-31;20,407355716274
2018-08-01;20,209226049126
2018-08-02;20,011096381977
2018-08-03;20,011096381977
2018-08-06;20,011096381977
2018-08-07;20,011096381977
2018-08-08;19,812966714829
2018-08-09;19,812966714829
2018-08-10;19,495959247392
2018-08-13;19,812966714829
2018-08-14;19,575211114251
2018-08-15;19,575211114251
2018-08-16;19,654462981111
2018-08-17;19,73371484797
2018-08-20;20,209226049126
2018-08-21;20,209226049126
2018-08-22;20,011096381977
2018-08-24;20,011096381977
2018-08-27;20,209226049126
2018-08-28;19,812966714829
2018-08-29;19,654462981111
2018-08-30;19,812966714829
2018-08-31;19,654462981111
2018-09-03;19,812966714829
2018-09-04;19,73371484797
2018-09-05;19,73371484797
2018-09-06;19,337455513673
2018-09-07;19,416707380533
2018-09-10;19,654462981111
2018-09-11;19,73371484797
2018-09-12;19,178951779955
2018-09-13;19,258203646814
2018-09-14;19,416707380533
2018-09-17;18,861944312517
2018-09-18;18,782692445658
2018-09-19;18,941196179377
2018-09-20;18,782692445658
2018-09-21;19,020448046236
2018-09-24;18,703440578799
2018-09-25;19,178951779955
2018-09-26;18,703440578799
2018-09-27;18,624188711939
2018-09-28;18,941196179377
2018-10-01;18,782692445658
2018-10-02;18,386433111361
2018-10-03;18,227929377643
2018-10-04;17,831670043346
2018-10-05;17,990173777065
2018-10-08;17,910921910206
2018-10-09;17,910921910206
2018-10-10;17,831670043346
2018-10-11;17,593914442768
2018-10-12;17,35615884219
2018-10-15;17,118403241612
2018-10-16;17,673166309628
2018-10-17;17,276906975331
2018-10-18;17,673166309628
2018-10-19;17,276906975331
2018-10-22;17,039151374753
2018-10-23;16,722143907316
2018-10-24;16,642892040457
2018-10-25;16,405136439879
2018-10-26;16,167380839301
2018-10-29;16,008877105582
2018-10-30;16,008877105582
2018-10-31;16,088128972441
2018-11-01;16,405136439879
2018-11-02;16,722143907316
2018-11-05;16,484388306738
2018-11-06;16,563640173597
2018-11-07;16,484388306738
2018-11-08;16,405136439879
2018-11-09;16,24663270616
2018-11-12;16,642892040457
2018-11-13;16,405136439879
2018-11-14;16,563640173597
2018-11-15;16,801395774175
2018-11-16;16,642892040457
2018-11-19;16,325884573019
2018-11-20;15,454114037567
2018-11-21;15,771121505004
2018-11-22;15,295610303848
2018-11-23;14,978602836411
2018-11-26;14,582343502114
2018-11-27;14,899350969552
2018-11-28;14,820099102692
2018-11-29;15,454114037567
2018-11-30;15,05785470327
2018-12-03;15,454114037567
2018-12-04;14,503091635255
2018-12-05;14,899350969552
2018-12-06;14,503091635255
2018-12-07;14,265336034677
2018-12-10;14,027580434099
2018-12-11;14,265336034677
2018-12-12;13,86907670038
2018-12-13;14,503091635255
2018-12-14;13,789824833521
2018-12-17;14,186084167818
2018-12-18;12,918054298069
2018-12-19;12,997306164928
2018-12-20;12,997306164928
2018-12-21;13,076558031787
2018-12-27;11,095261360304
2018-12-28;12,125535629475
2019-01-02;12,680298697491
2019-01-03;12,284039363194
2019-01-04;12,601046830631
2019-01-07;12,363291230053
2019-01-08;12,838802431209
2019-01-09;13,155809898647
2019-01-10;12,680298697491
2019-01-11;12,363291230053
2019-01-14;12,284039363194
2019-01-15;12,284039363194
2019-01-16;12,75955056435
2019-01-17;13,076558031787
2019-01-18;12,918054298069
2019-01-21;12,918054298069
2019-01-22;12,918054298069
2019-01-23;12,521794963772
2019-01-24;11,887780028898
2019-01-25;11,967031895757
2019-01-28;12,046283762616
2019-01-29;12,204787496335
2019-01-30;11,967031895757
2019-01-31;11,887780028898
2019-02-01;11,887780028898
2019-02-04;11,57077256146
2019-02-05;11,333016960882
2019-02-06;11,095261360304
2019-02-07;11,253765094023
2019-02-08;11,095261360304
2019-02-11;11,887780028898
2019-02-12;11,967031895757
2019-02-13;11,887780028898
2019-02-14;11,808528162038
2019-02-15;11,887780028898
2019-02-18;11,887780028898
2019-02-19;11,967031895757
2019-02-20;12,363291230053
2019-02-21;12,363291230053
2019-02-22;12,680298697491
2019-02-25;12,680298697491
2019-02-26;12,284039363194
2019-02-27;11,887780028898
2019-02-28;11,491520694601
2019-03-01;11,808528162038
2019-03-04;12,046283762616
2019-03-05;11,887780028898
2019-03-06;12,284039363194
2019-03-07;11,887780028898
2019-03-08;11,967031895757
2019-03-11;11,887780028898
2019-03-12;11,887780028898
2019-03-13;11,887780028898
2019-03-14;11,887780028898
2019-03-15;11,887780028898
2019-03-18;12,125535629475
2019-03-19;12,284039363194
2019-03-20;12,284039363194
2019-03-21;12,284039363194
2019-03-22;12,284039363194
2019-03-25;12,204787496335
2019-03-26;12,046283762616
2019-03-27;12,125535629475
2019-03-28;12,125535629475
2019-03-29;12,125535629475
2019-04-01;11,887780028898
2019-04-02;11,887780028898
2019-04-03;12,442543096913
2019-04-04;12,442543096913
2019-04-05;12,323665296624
2019-04-08;12,402917163483
2019-04-09;12,482169030342
2019-04-10;12,680298697491
2019-04-11;12,085909696046
2019-04-12;12,125535629475
2019-04-15;12,284039363194
2019-04-16;12,402917163483
2019-04-17;12,402917163483
2019-04-23;12,244413429764
2019-04-24;11,927405962327
2019-04-25;12,482169030342
2019-04-26;12,085909696046
2019-04-29;12,284039363194
2019-04-30;12,244413429764
2019-05-02;11,927405962327
2019-05-03;11,967031895757
2019-05-06;12,284039363194
2019-05-07;11,927405962327
2019-05-08;12,284039363194
2019-05-09;12,284039363194
2019-05-10;12,284039363194
2019-05-13;11,887780028898
2019-05-14;11,848154095468
2019-05-15;11,57077256146
2019-05-16;11,927405962327
2019-05-20;11,491520694601
2019-05-21;11,57077256146
2019-05-22;11,333016960882
2019-05-23;10,976383560015
2019-05-24;11,333016960882
2019-05-27;11,451894761171
2019-05-28;11,491520694601
2019-05-29;10,857505759726
2019-05-31;10,500872358859
2019-06-03;10,699002026008
2019-06-04;10,025361157704
2019-06-05;10,500872358859
2019-06-06;10,540498292289
2019-06-07;10,619750159148
2019-06-11;10,619750159148
2019-06-12;10,500872358859
2019-06-13;10,500872358859
2019-06-14;10,342368625141
2019-06-17;9,9064833574146
2019-06-18;10,104613024563
2019-06-19;10,144238957993
2019-06-20;10,144238957993
2019-06-21;10,500872358859
2019-06-24;10,500872358859
2019-06-25;10,104613024563
2019-06-26;10,223490824852
2019-06-27;10,302742691711
2019-06-28;10,421620492
2019-07-01;10,778253892867
2019-07-02;10,699002026008
2019-07-03;10,421620492
2019-07-04;10,540498292289
2019-07-05;10,619750159148
2019-07-08;10,421620492
2019-07-09;10,46124642543
2019-07-10;10,342368625141
2019-07-11;10,104613024563
2019-07-12;9,9064833574146
2019-07-15;9,7083536902663
2019-07-16;9,629101823407
2019-07-17;9,5894758899773
2019-07-18;9,1139646888214
2019-07-19;9,4705980896883
2019-07-22;9,510224023118
2019-07-23;9,510224023118
2019-07-24;9,629101823407
2019-07-25;9,629101823407
2019-07-26;9,6687277568366
2019-07-29;9,6687277568366
2019-07-30;9,5498499565477
2019-07-31;9,7083536902663
2019-08-01;9,7876055571256
2019-08-02;9,510224023118
2019-08-05;9,1535906222511
2019-08-06;9,0743387553918
2019-08-07;8,8762090882435
2019-08-08;8,7969572213842
2019-08-09;8,5592016208062
2019-08-12;8,6384534876655
2019-08-13;8,3610719536579
2019-08-14;7,7468699854982
2019-08-15;7,5091143849203
2019-08-16;7,9053737192168
2019-08-19;8,0836904196503
2019-08-20;8,4403238205172
2019-08-21;8,6384534876655
2019-08-22;8,7177053545248
2019-08-23;8,7177053545248
2019-08-26;8,2421941533689
2019-08-27;8,12331635308
2019-08-28;8,3214460202283
2019-08-29;8,4403238205172
2019-08-30;8,4403238205172
2019-09-02;8,4799497539469
2019-09-03;8,3610719536579
2019-09-04;8,5988275542359
2019-09-05;8,5988275542359
2019-09-06;8,5592016208062
2019-09-09;8,7177053545248
2019-09-10;8,6384534876655
2019-09-11;8,5988275542359
2019-09-12;8,7177053545248
2019-09-13;9,1535906222511
2019-09-16;9,4309721562587
2019-09-17;9,510224023118
2019-09-18;9,3517202893994
2019-09-19;9,1139646888214
2019-09-20;9,4705980896883
2019-09-23;9,4309721562587
2019-09-24;9,4705980896883
2019-09-25;9,1932165556807
2019-09-26;9,3120943559697
2019-09-27;9,1139646888214
2019-09-30;9,1535906222511
2019-10-01;9,3120943559697
2019-10-02;8,8365831548138
2019-10-03;8,8365831548138
2019-10-04;8,9158350216731
2019-10-07;8,8365831548138
2019-10-08;8,8365831548138
2019-10-09;8,9158350216731
2019-10-10;8,7177053545248
2019-10-11;9,1139646888214
2019-10-14;9,2328424891104
2019-10-15;8,9950868885324
2019-10-16;9,0347128219621
2019-10-17;8,9950868885324
2019-10-18;8,3610719536579
2019-10-21;8,5592016208062
2019-10-22;8,3214460202283
2019-10-23;8,3214460202283
2019-10-24;8,0440644862206
2019-10-25;8,12331635308
2019-10-28;8,2421941533689
2019-10-29;8,1629422865096
2019-10-30;8,2421941533689
2019-10-31;8,3214460202283
2019-11-01;8,12331635308
2019-11-04;8,2818200867986
2019-11-05;8,2025682199393
2019-11-06;8,3214460202283
2019-11-07;8,1629422865096
2019-11-08;7,9251866859317
2019-11-11;7,8459348190724
2019-11-12;7,7072440520685
2019-11-13;7,5487403183499
2019-11-14;7,4893014182054
2019-11-15;7,6478051519241
2019-11-18;7,7270570187834
2019-11-19;7,7270570187834
2019-11-20;7,8459348190724
2019-11-21;7,7270570187834
2019-11-22;7,6874310853537
2019-11-25;7,5883662517796
2019-11-26;7,6676181186389
2019-11-27;7,4496754847758
2019-11-28;7,5289273516351
2019-11-29;7,5685532850647
2019-12-02;7,4694884514906
2019-12-03;7,4298625180609
2019-12-04;7,310984717772
2019-12-05;7,2713587843423
2019-12-06;7,3307976844868
2019-12-09;7,2713587843423
2019-12-10;7,192106917483
2019-12-11;7,2713587843423
2019-12-12;7,2515458176275
2019-12-13;7,2911717510571
2019-12-16;7,6279921852092
2019-12-17;7,8459348190724
2019-12-18;8,0440644862206
2019-12-19;8,004438552791
2019-12-20;8,2421941533689
2019-12-23;8,2818200867986
2019-12-27;8,0440644862206
2019-12-30;7,8459348190724
2020-01-02;7,9648126193613
2020-01-03;7,8063088856427
2020-01-06;8,0836904196503
2020-01-07;7,7072440520685
2020-01-08;7,8459348190724
2020-01-09;8,0836904196503
2020-01-10;8,0440644862206
2020-01-13;7,8459348190724
2020-01-14;7,8063088856427
2020-01-15;7,8459348190724
2020-01-16;7,885560752502
2020-01-17;7,9251866859317
2020-01-20;8,3610719536579
2020-01-21;8,2421941533689
2020-01-22;8,12331635308
2020-01-23;7,9648126193613
2020-01-24;7,766682952213
2020-01-27;7,5883662517796
2020-01-28;7,5685532850647
2020-01-29;7,5289273516351
2020-01-30;7,5091143849203
2020-01-31;7,6081792184944
2020-02-03;7,2713587843423
2020-02-04;7,3902365846313
2020-02-05;7,5289273516351
2020-02-06;7,5289273516351
2020-02-07;7,2911717510571
2020-02-10;7,0534161504792
2020-02-11;7,2317328509127
2020-02-12;7,2911717510571
2020-02-13;7,192106917483
2020-02-14;6,7364086830419
2020-02-17;6,7364086830419
2020-02-18;6,8949124167606
2020-02-19;6,8156605499012
2020-02-20;6,9345383501902
2020-02-21;7,0137902170495
2020-02-24;6,3599623154602
2020-02-25;6,4194012156047
2020-02-26;6,4788401157491
2020-02-27;5,9637029811636
2020-02-28;6,3401493487453
2020-03-02;6,1023937481674
2020-03-03;6,379775282175
2020-03-04;6,2212715484564
2020-03-05;6,0429548480229
2020-03-06;5,4683788132929
2020-03-09;4,3786656439772
2020-03-10;4,9136157452776
2020-03-11;4,6560471779849
2020-03-12;3,9546681562799
2020-03-13;4,5966082778404
2020-03-16;3,5742591953552
2020-03-17;3,5663340086693
2020-03-18;3,7565384891316
2020-03-19;3,1700746743727
2020-03-20;3,3999050882647
2020-03-23;3,479156955124
2020-03-24;3,6059599420989
2020-03-25;3,8040896092472
2020-03-26;3,9824063096807
2020-03-27;4,2994137771179
2020-03-30;4,2796008104031
2020-03-31;4,3588526772624
2020-04-01;4,180535976829
2020-04-02;4,0418452098251
2020-04-03;4,0418452098251
2020-04-06;4,3588526772624
2020-04-07;4,1607230101141
2020-04-08;4,1409100433993
2020-04-14;4,180535976829
2020-04-15;4,0814711432548
2020-04-16;3,9625933429658
2020-04-17;3,9625933429658
2020-04-20;3,8754162894206
2020-04-21;3,6138851287848
2020-04-22;3,4078302749506
2020-04-23;3,368204341521
2020-04-24;3,6455858755286
2020-04-27;3,8357903559909
2020-04-28;3,7327629290738
2020-04-29;3,6455858755286
2020-04-30;3,6376606888426
2020-05-04;3,5742591953552
2020-05-05;3,6218103154708
2020-05-06;3,5663340086693
2020-05-07;3,5584088219833
2020-05-08;3,5663340086693
2020-05-11;3,598034755413
2020-05-12;3,590109568727
2020-05-13;3,5663340086693
2020-05-14;3,4712317684381
2020-05-15;3,598034755413
2020-05-18;3,6376606888426
2020-05-19;3,590109568727
2020-05-20;3,5663340086693
2020-05-22;3,5504836352974
2020-05-25;3,6218103154708
2020-05-26;3,9229674095362
2020-05-27;3,6455858755286
2020-05-28;3,5742591953552
2020-05-29;3,368204341521
2020-06-02;3,4395310216943
2020-06-03;3,2889524746616
2020-06-04;3,2651769146038
2020-06-05;3,2017754211164
2020-06-08;3,2810272879757
2020-06-09;3,3127280347194
2020-06-10;3,3127280347194
2020-06-11;3,2176257944883
2020-06-12;3,2414013545461
2020-06-15;3,2651769146038
2020-06-16;3,3127280347194
2020-06-17;3,368204341521
2020-06-18;3,3999050882647
2020-06-19;3,2731021012898
2020-06-22;2,9719450072244
2020-06-23;2,8292916468776
2020-06-24;2,7341894066464
2020-06-25;2,4964338060685
2020-06-26;2,5202093661263
2020-06-29;2,1635759652593
2020-06-30;2,6153116063574
2020-07-01;2,5994612329856
2020-07-02;2,440957499267
2020-07-03;2,3379300723498
2020-07-06;2,3854811924654
2020-07-07;1,386907670038
2020-07-08;1,0540498292289
2020-07-09;1,0144238957993
2020-07-10;0,8004438552791
2020-07-13;0,83214460202283
2020-07-14;1,1689650361749
2020-07-15;1,0699002026008
2020-07-16;1,0738627959437
2020-07-17;1,0223490824852
2020-07-20;0,99461092908442
2020-07-21;1,0738627959437
2020-07-22;1,1134887293734
2020-07-23;1,0699002026008
2020-07-24;1,1095261360304
2020-07-27;1,0778253892867
2020-07-28;1,1095261360304
2020-07-29;1,0936757626586
2020-07-30;1,1095261360304
2020-07-31;1,1293391027453
2020-08-03;1,1174513227164
2020-08-04;1,1214139160593
2020-08-05;0,97479796236959
2020-08-06;0,89158350216731
2020-08-07;0,87969572213842
2020-08-10;0,83610719536579
2020-08-11;0,89158350216731
2020-08-12;0,91139646888214
2020-08-13;0,93517202893993
2020-08-14;0,97083536902663
2020-08-17;0,9629101823407
2020-08-18;0,95894758899773
2020-08-19;0,97876055571256
2020-08-20;0,9629101823407
2020-08-21;0,85195756873765
2020-08-24;0,7528927351635
2020-08-25;0,78063088856427
2020-08-26;0,927246842254
2020-08-27;0,80836904196503
2020-08-28;0,81629422865096
2020-08-31;0,87573312879545
2020-09-01;0,91139646888214
2020-09-02;1,0540498292289
2020-09-03;1,1016009493445
2020-09-04;1,0936757626586
2020-09-07;1,0302742691711
2020-09-08;0,91932165556807
2020-09-09;0,9629101823407
2020-09-10;1,0421620492
2020-09-11;1,1808528162038
2020-09-14;1,2680298697491
2020-09-15;1,2878428364639
2020-09-16;1,2640672764061
2020-09-17;1,2323665296624
2020-09-18;1,271992463092
2020-09-21;1,2204787496335
2020-09-22;1,1372642894312
2020-09-23;1,0738627959437
2020-09-24;1,1729276295179
2020-09-25;1,1768902228609
2020-09-28;1,1689650361749
2020-09-29;1,1095261360304
2020-09-30;1,0699002026008
2020-10-01;1,0619750159148
2020-10-02;1,0302742691711
2020-10-05;1,1095261360304
2020-10-06;1,1016009493445
2020-10-07;1,0817879826297
2020-10-08;1,1016009493445
2020-10-09;1,1055635426875
2020-10-12;1,1095261360304
2020-10-13;1,0976383560015
2020-10-14;1,0857505759726
2020-10-15;1,0699002026008
2020-10-16;1,1333016960882
2020-10-19;1,0857505759726
2020-10-20;1,0619750159148
2020-10-21;1,1095261360304
2020-10-22;1,0857505759726
2020-10-23;1,1214139160593
2020-10-26;1,0500872358859
2020-10-27;1,1095261360304
2020-10-28;1,0302742691711
2020-10-29;1,0421620492
2020-10-30;1,0619750159148
2020-11-02;1,1095261360304
2020-11-03;1,1055635426875
2020-11-04;1,1372642894312
2020-11-05;1,2046283762616
2020-11-06;1,2482169030342
2020-11-09;1,3631321099802
2020-11-10;1,4582343502114
2020-11-11;1,5018228769841
2020-11-12;1,5018228769841
2020-11-13;1,5850373371863
2020-11-16;1,624663270616
2020-11-17;1,628625863959
2020-11-18;1,7633540376198
2020-11-19;1,9020448046236
2020-11-20;1,9377081447103
2020-11-23;2,0129974182266
2020-11-24;1,9337455513673
2020-11-25;1,9575211114251
2020-11-26;1,9654462981111
2020-11-27;1,9614837047681
