"Date","Price","Open","High","Low","Vol.","Change %"
"02/26/2025","755.22","758.26","763.59","755.09","","-0.39%"
"02/25/2025","758.20","770.23","776.15","758.18","","-1.58%"
"02/24/2025","770.34","788.43","789.70","769.45","","-1.83%"
"02/21/2025","784.68","785.68","798.64","783.19","","-0.11%"
"02/20/2025","785.54","807.68","807.68","783.41","","-2.64%"
"02/19/2025","806.84","811.35","816.80","800.84","","-0.41%"
"02/18/2025","810.14","805.04","813.44","797.43","","1.43%"
"02/17/2025","798.75","813.65","814.87","797.72","","-1.81%"
"02/14/2025","813.51","828.06","828.06","802.74","","-1.76%"
"02/13/2025","828.05","832.23","832.23","818.94","","-0.45%"
"02/12/2025","831.79","829.02","838.50","821.23","","0.65%"
"02/11/2025","826.42","808.47","830.83","808.47","","2.23%"
"02/10/2025","808.40","826.10","832.31","807.35","","-1.98%"
"02/07/2025","824.73","821.39","827.90","815.17","","0.39%"
"02/06/2025","821.51","829.73","838.97","819.59","","-0.99%"
"02/05/2025","829.70","840.80","847.57","824.10","","-1.32%"
"02/04/2025","840.80","815.96","843.56","811.13","","3.05%"
"02/03/2025","815.91","825.25","825.25","796.89","","-1.21%"
"01/31/2025","825.91","822.11","846.29","819.54","","0.46%"
"01/30/2025","822.15","812.57","828.01","812.57","","1.10%"
"01/29/2025","813.19","800.30","815.29","800.30","0.00K","1.61%"
"01/28/2025","800.30","796.61","810.86","784.87","0.00K","0.46%"
"01/27/2025","796.61","785.44","796.61","776.88","0.00K","1.42%"
"01/24/2025","785.46","809.05","809.34","785.10","0.00K","-2.87%"
"01/23/2025","808.67","794.61","809.14","793.14","0.00K","1.76%"
"01/22/2025","794.69","804.57","804.57","790.39","0.00K","-1.23%"
"01/21/2025","804.56","813.28","816.14","801.52","0.00K","-1.09%"
"01/20/2025","813.45","820.95","830.88","813.45","0.00K","-0.92%"
"01/17/2025","820.97","853.93","853.93","810.17","0.00K","-3.86%"
"01/16/2025","853.93","863.66","864.13","849.73","0.00K","-1.10%"
"01/15/2025","863.42","866.65","869.43","856.16","0.00K","-0.34%"
"01/14/2025","866.35","866.34","875.99","861.27","0.00K","-0.14%"
"01/13/2025","867.57","861.81","875.56","856.02","0.00K","0.66%"
"01/10/2025","861.84","816.77","864.21","816.77","0.00K","5.52%"
"01/09/2025","816.77","821.34","825.87","810.48","0.00K","-0.55%"
"01/08/2025","821.29","823.24","826.57","816.16","0.00K","-0.24%"
"01/07/2025","823.30","812.29","823.77","792.63","0.00K","1.23%"
"01/06/2025","813.27","821.19","825.03","802.72","0.00K","-1.03%"
"01/03/2025","821.73","838.62","841.04","820.63","0.00K","-2.01%"
"01/02/2025","838.55","793.14","840.69","793.14","0.00K","5.75%"
"12/30/2024","792.95","796.47","807.29","791.79","0.00K","-0.44%"
"12/27/2024","796.47","777.82","804.72","777.82","0.00K","2.43%"
"12/23/2024","777.56","756.86","779.91","756.86","0.00K","2.73%"
"12/20/2024","756.89","750.25","758.60","746.65","0.00K","0.89%"
"12/19/2024","750.25","752.65","758.80","746.27","0.00K","-0.36%"
"12/18/2024","752.96","738.11","757.85","737.95","0.00K","2.02%"
"12/17/2024","738.06","773.11","773.11","737.27","0.00K","-4.54%"
"12/16/2024","773.17","787.08","793.79","766.96","0.00K","-1.81%"
"12/13/2024","787.42","783.18","791.33","782.72","0.00K","0.35%"
"12/12/2024","784.68","799.68","801.76","776.79","0.00K","-1.63%"
"12/11/2024","797.70","811.17","812.91","796.56","0.00K","-1.38%"
"12/10/2024","808.86","816.07","816.07","792.67","0.00K","0.71%"
"12/09/2024","803.19","806.34","817.34","800.35","0.00K","-0.40%"
"12/06/2024","806.39","817.92","827.24","804.52","0.00K","-1.24%"
"12/05/2024","816.49","830.85","832.21","807.37","0.00K","-0.86%"
"12/04/2024","823.58","817.43","836.34","817.43","0.00K","0.74%"
"12/03/2024","817.52","808.68","818.66","805.47","0.00K","1.08%"
"12/02/2024","808.76","824.56","824.56","802.80","0.00K","-1.92%"
"11/29/2024","824.62","823.13","829.30","816.73","0.00K","0.13%"
"11/28/2024","823.53","814.11","829.90","814.11","0.00K","1.16%"
"11/27/2024","814.06","856.95","856.95","802.87","0.00K","-4.56%"
"11/26/2024","852.99","851.86","860.42","848.87","0.00K","0.28%"
"11/25/2024","850.59","876.25","878.32","848.74","0.00K","-2.91%"
"11/22/2024","876.07","870.76","877.61","865.24","0.00K","0.59%"
"11/21/2024","870.89","901.03","901.03","866.46","0.00K","-3.04%"
"11/20/2024","898.15","881.58","901.98","881.58","0.00K","1.88%"
"11/19/2024","881.57","872.73","890.18","871.61","0.00K","1.03%"
"11/18/2024","872.60","861.39","873.00","856.84","0.00K","1.35%"
"11/15/2024","861.00","871.11","871.11","857.58","","-1.08%"
"11/14/2024","870.43","840.18","871.10","840.18","","3.64%"
"11/13/2024","839.85","832.29","841.03","828.80","","0.90%"
"11/12/2024","832.33","837.92","846.97","830.85","","-0.68%"
"11/11/2024","837.99","830.37","843.98","830.37","","0.93%"
"11/08/2024","830.27","837.83","841.66","825.91","","-0.83%"
"11/07/2024","837.23","821.33","843.68","821.33","","1.93%"
"11/06/2024","821.34","842.61","842.61","810.65","","-2.50%"
"11/05/2024","842.44","835.19","848.42","833.89","","0.99%"
"11/04/2024","834.22","849.57","849.57","833.32","","-1.83%"
"11/01/2024","849.81","850.70","859.24","845.04","","-0.02%"
"10/31/2024","849.98","852.12","854.79","840.00","","-0.24%"
"10/30/2024","852.06","888.90","888.90","852.06","","-4.20%"
"10/29/2024","889.42","887.70","896.45","877.87","","0.19%"
"10/28/2024","887.70","900.02","901.57","880.07","","-1.31%"
"10/25/2024","899.50","896.28","904.42","891.06","","0.36%"
"10/24/2024","896.28","925.55","925.55","894.27","","-3.14%"
"10/23/2024","925.29","952.56","952.56","921.25","","-2.86%"
"10/22/2024","952.57","949.27","955.96","942.44","","0.36%"
"10/21/2024","949.15","949.50","962.11","948.42","","0.02%"
"10/18/2024","948.92","950.14","961.37","948.87","","-0.23%"
"10/17/2024","951.10","953.34","960.17","951.02","","-0.22%"
"10/16/2024","953.17","952.57","954.40","942.94","","0.06%"
"10/15/2024","952.57","979.59","979.59","946.68","","-2.76%"
"10/14/2024","979.59","996.25","997.73","979.54","","-1.60%"
"10/11/2024","995.52","1,001.80","1,002.43","991.33","","-0.62%"
"10/10/2024","1,001.71","986.20","1,002.14","983.79","","1.59%"
"10/09/2024","986.04","989.00","999.17","983.14","","-0.31%"
"10/08/2024","989.08","1,009.22","1,009.22","989.08","","-2.00%"
"10/07/2024","1,009.31","1,007.28","1,009.31","996.49","","0.25%"
"10/04/2024","1,006.81","1,000.50","1,009.00","989.59","","0.65%"
"10/03/2024","1,000.27","999.48","1,004.53","989.79","","0.06%"
"10/02/2024","999.63","981.41","1,003.20","981.41","","1.92%"
"10/01/2024","980.81","971.11","986.80","963.97","","1.06%"
"09/30/2024","970.49","976.91","983.99","967.57","","-0.55%"
"09/27/2024","975.88","982.08","983.55","970.04","","-0.61%"
"09/26/2024","981.89","973.40","991.36","973.16","","0.88%"
"09/25/2024","973.33","991.19","991.33","969.52","","-0.19%"
"09/24/2024","975.19","967.07","985.66","967.07","","0.90%"
"09/23/2024","966.46","968.39","969.73","948.28","","-0.21%"
"09/20/2024","968.54","989.98","989.98","961.92","","-2.18%"
"09/19/2024","990.08","980.06","994.29","979.95","","1.13%"
"09/18/2024","979.05","971.09","983.31","969.25","","0.82%"
"09/17/2024","971.09","951.84","975.13","951.84","","2.23%"
"09/16/2024","949.93","938.56","950.38","933.76","","1.16%"
"09/13/2024","939.07","932.21","942.18","931.95","","0.73%"
"09/12/2024","932.30","907.68","932.30","907.68","","3.06%"
"09/11/2024","904.59","896.29","909.87","896.29","","0.96%"
"09/10/2024","895.98","907.84","918.84","895.98","","-0.74%"
"09/09/2024","902.64","905.99","905.99","887.95","","-0.03%"
"09/06/2024","902.95","892.21","904.12","890.84","","1.20%"
"09/05/2024","892.21","904.80","904.80","879.72","","-1.39%"
"09/04/2024","904.80","902.00","908.64","888.97","","0.33%"
"09/03/2024","901.86","919.64","934.21","899.73","","-1.91%"
"09/02/2024","919.43","949.51","949.51","919.43","","-2.47%"
"08/30/2024","942.73","909.76","945.69","909.76","","3.22%"
"08/29/2024","913.32","905.98","915.01","898.26","","0.82%"
"08/28/2024","905.93","928.54","930.08","905.93","","-2.33%"
"08/27/2024","927.53","930.58","932.41","921.87","","-0.37%"
"08/26/2024","930.96","932.95","935.76","919.21","","0.14%"
"08/23/2024","929.62","920.00","932.04","914.24","","1.04%"
"08/22/2024","920.03","923.55","925.18","910.43","","-0.35%"
"08/21/2024","923.30","908.68","928.52","908.68","","1.61%"
"08/20/2024","908.68","936.22","936.22","908.20","","-2.78%"
"08/19/2024","934.64","948.47","948.57","928.19","","-1.44%"
"08/16/2024","948.29","948.19","967.18","947.33","","0.05%"
"08/15/2024","947.79","947.04","958.27","938.39","","0.04%"
"08/14/2024","947.43","924.92","948.79","922.64","","2.43%"
"08/13/2024","924.92","930.73","945.55","922.92","","-0.62%"
"08/12/2024","930.67","914.51","934.92","914.51","","1.95%"
"08/09/2024","912.85","897.56","923.52","897.56","","1.70%"
"08/08/2024","897.56","906.02","906.02","887.92","","-0.93%"
"08/07/2024","906.02","888.61","908.95","887.49","","1.99%"
"08/06/2024","888.31","876.81","909.06","873.89","","1.42%"
"08/05/2024","875.90","892.72","892.72","824.70","0.00K","-2.20%"
"08/02/2024","895.64","950.27","950.27","894.53","0.00K","-5.75%"
"08/01/2024","950.30","956.77","960.19","947.95","0.00K","-0.68%"
"07/31/2024","956.77","953.32","963.47","951.28","0.00K","0.39%"
"07/30/2024","953.03","961.31","961.31","944.50","0.00K","-0.91%"
"07/29/2024","961.76","936.46","961.76","936.46","0.00K","2.70%"
"07/26/2024","936.46","939.91","951.69","935.15","0.00K","-0.36%"
"07/25/2024","939.88","957.19","957.43","938.48","0.00K","-1.85%"
"07/24/2024","957.63","970.18","976.79","957.24","0.00K","-1.29%"
"07/23/2024","970.12","963.17","977.73","963.17","0.00K","0.72%"
"07/22/2024","963.18","933.87","965.48","933.87","0.00K","3.20%"
"07/19/2024","933.29","937.13","939.23","923.46","0.00K","-0.42%"
"07/18/2024","937.25","936.25","941.78","927.41","0.00K","0.15%"
"07/17/2024","935.85","938.63","942.46","934.60","0.00K","-0.29%"
"07/16/2024","938.53","934.49","940.79","933.84","0.00K","0.47%"
"07/15/2024","934.13","930.25","935.98","922.43","0.00K","0.42%"
"07/12/2024","930.24","933.11","935.82","919.71","0.00K","-0.32%"
"07/11/2024","933.21","957.50","957.50","933.21","0.00K","-2.52%"
"07/10/2024","957.31","952.90","958.66","944.64","0.00K","0.46%"
"07/09/2024","952.95","949.40","960.17","945.43","0.00K","0.36%"
"07/08/2024","949.49","979.60","979.60","949.05","0.00K","-3.07%"
"07/05/2024","979.60","994.81","995.82","978.62","0.00K","-1.49%"
"07/04/2024","994.44","1,012.39","1,013.79","989.32","0.00K","-1.77%"
"07/03/2024","1,012.39","1,006.64","1,015.08","1,006.64","0.00K","0.57%"
"07/02/2024","1,006.67","992.25","1,006.67","992.19","0.00K","1.64%"
"07/01/2024","990.38","1,015.53","1,019.72","987.75","0.00K","-2.47%"
"06/28/2024","1,015.50","1,011.26","1,026.99","1,011.22","0.00K","0.43%"
"06/27/2024","1,011.15","994.85","1,011.20","993.98","0.00K","1.67%"
"06/26/2024","994.50","966.13","994.54","966.13","0.00K","2.96%"
"06/25/2024","965.89","976.47","980.50","965.56","0.00K","-1.08%"
"06/24/2024","976.43","961.24","977.31","955.41","0.00K","1.58%"
"06/21/2024","961.21","949.05","963.36","949.05","0.00K","1.28%"
"06/20/2024","949.03","943.14","950.02","939.19","0.00K","0.83%"
"06/19/2024","941.21","939.41","952.60","939.41","0.00K","0.30%"
"06/18/2024","938.36","931.59","945.14","931.59","0.00K","0.88%"
"06/17/2024","930.16","921.20","932.66","916.86","0.00K","0.97%"
"06/14/2024","921.20","936.85","940.17","912.31","0.00K","-1.74%"
"06/13/2024","937.49","958.00","960.40","937.18","0.00K","-1.77%"
"06/12/2024","954.41","953.71","965.00","950.32","0.00K","0.06%"
"06/11/2024","953.85","987.09","987.09","946.60","0.00K","-3.37%"
"06/10/2024","987.09","980.89","987.29","966.15","0.00K","0.57%"
"06/07/2024","981.47","994.12","994.12","964.44","0.00K","-0.89%"
"06/06/2024","990.24","1,013.77","1,020.99","986.14","0.00K","-2.19%"
"06/05/2024","1,012.46","1,013.65","1,016.00","998.25","0.00K","-0.12%"
"06/04/2024","1,013.65","1,023.96","1,026.56","1,010.59","0.00K","-0.91%"
"06/03/2024","1,022.92","1,028.35","1,039.82","1,022.28","0.00K","-0.53%"
"05/31/2024","1,028.35","1,015.94","1,040.00","1,015.94","0.00K","1.21%"
"05/30/2024","1,016.05","1,012.97","1,028.48","1,005.14","0.00K","0.32%"
"05/29/2024","1,012.81","1,015.77","1,022.03","1,010.99","0.00K","-0.15%"
"05/28/2024","1,014.34","1,021.94","1,027.64","1,012.43","0.00K","-0.67%"
"05/27/2024","1,021.23","1,008.66","1,026.26","1,008.66","0.00K","1.25%"
"05/24/2024","1,008.67","994.81","1,008.67","990.55","0.00K","1.39%"
"05/23/2024","994.81","995.16","1,005.15","990.73","0.00K","0.53%"
"05/22/2024","989.59","1,028.80","1,029.97","988.34","0.00K","-2.41%"
"05/21/2024","1,014.05","994.10","1,020.61","994.10","0.00K","2.15%"
"05/16/2024","992.75","986.18","996.91","985.51","0.00K","0.55%"
"05/15/2024","987.34","992.58","1,004.00","986.13","0.00K","-0.48%"
"05/14/2024","992.15","996.29","1,007.01","987.46","0.00K","-0.25%"
"05/13/2024","994.66","991.56","999.72","986.68","0.00K","0.36%"
"05/10/2024","991.09","968.28","992.62","968.28","0.00K","2.43%"
"05/08/2024","967.58","942.20","967.58","942.20","","2.69%"
"05/07/2024","942.21","941.62","942.45","930.89","","0.06%"
"05/06/2024","941.62","936.55","942.14","928.80","","0.54%"
"05/03/2024","936.58","937.17","944.71","934.76","","-0.12%"
"05/02/2024","937.71","934.72","940.94","929.08","","0.32%"
"04/30/2024","934.72","915.41","943.29","915.41","","2.11%"
"04/29/2024","915.42","911.88","919.90","909.57","","0.94%"
"04/26/2024","906.91","887.66","912.97","887.43","","2.41%"
"04/25/2024","885.59","890.52","891.55","880.56","","-0.55%"
"04/24/2024","890.52","870.94","891.35","869.46","","2.61%"
"04/23/2024","867.85","853.52","868.86","853.52","","1.68%"
"04/22/2024","853.52","855.71","857.09","846.07","","-0.26%"
"04/19/2024","855.73","849.85","856.60","837.67","","0.72%"
"04/18/2024","849.63","864.69","864.69","849.02","","-1.74%"
"04/17/2024","864.69","842.68","866.00","842.68","","2.60%"
"04/16/2024","842.79","848.86","849.27","841.42","","-0.73%"
"04/15/2024","848.96","851.85","852.16","839.63","","-0.34%"
"04/12/2024","851.82","844.01","856.21","838.41","","0.92%"
"04/11/2024","844.04","814.64","847.31","814.64","","3.60%"
"04/10/2024","814.73","815.84","822.45","800.69","","-0.10%"
"04/09/2024","815.58","809.10","823.37","807.82","","0.82%"
"04/08/2024","808.98","815.09","817.38","808.43","","-0.76%"
"04/05/2024","815.19","807.59","816.52","807.37","","0.94%"
"04/04/2024","807.59","812.01","813.26","805.71","","-0.54%"
"04/03/2024","812.01","797.40","812.01","795.67","","1.89%"
"04/02/2024","796.94","776.75","802.73","776.75","","2.65%"
"03/27/2024","776.40","772.82","778.17","772.51","","0.51%"
"03/26/2024","772.45","773.75","773.75","768.68","","-0.18%"
"03/25/2024","773.84","774.92","777.33","765.71","","-0.11%"
"03/22/2024","774.69","778.89","783.97","773.95","","-0.59%"
"03/21/2024","779.31","763.48","779.31","763.48","","2.18%"
"03/20/2024","762.68","790.15","790.15","761.41","","-3.48%"
"03/19/2024","790.15","788.87","793.19","788.87","","0.50%"
"03/18/2024","786.20","794.63","800.36","785.28","","-1.01%"
"03/15/2024","794.23","783.66","797.60","783.66","","1.34%"
"03/14/2024","783.75","786.80","789.21","780.37","","-0.22%"
"03/13/2024","785.47","769.94","785.47","769.94","","2.02%"
"03/12/2024","769.94","761.85","771.55","758.87","","1.24%"
"03/11/2024","760.53","769.84","769.84","757.96","","-0.72%"
"03/08/2024","766.03","761.34","767.24","754.71","","0.70%"
"03/07/2024","760.69","762.53","767.80","758.24","","-0.20%"
"03/06/2024","762.23","787.41","790.38","762.23","","-3.21%"
"03/05/2024","787.47","793.18","793.18","779.67","","-0.29%"
"03/04/2024","789.73","794.18","803.93","782.65","","-0.50%"
"03/01/2024","793.66","787.80","799.90","787.80","","0.67%"
"02/29/2024","788.35","787.42","791.84","771.62","","-0.42%"
"02/28/2024","791.64","774.84","795.29","773.96","","2.17%"
"02/27/2024","774.79","798.24","798.24","774.72","","-2.94%"
"02/26/2024","798.24","796.12","801.53","793.78","","0.27%"
"02/23/2024","796.12","791.96","797.13","787.95","","0.65%"
"02/22/2024","790.98","803.15","809.52","790.98","","-1.39%"
"02/21/2024","802.11","801.13","803.29","783.87","","1.61%"
"02/20/2024","789.40","803.06","803.06","783.85","","-1.62%"
"02/19/2024","802.43","801.81","805.58","794.46","","0.09%"
"02/16/2024","801.72","793.09","808.41","793.09","","1.08%"
"02/15/2024","793.19","814.04","815.41","786.22","","-2.57%"
"02/14/2024","814.13","812.77","823.67","804.56","","0.17%"
"02/13/2024","812.75","812.30","824.69","810.91","","0.25%"
"02/12/2024","810.72","797.39","812.09","797.39","","1.80%"
"02/09/2024","796.41","796.20","802.07","790.33","","0.12%"
"02/08/2024","795.47","773.93","803.47","773.93","","2.67%"
"02/07/2024","774.79","790.05","790.05","764.46","","-1.92%"
"02/06/2024","789.99","773.42","790.88","773.42","","2.13%"
"02/05/2024","773.50","775.20","788.70","772.81","","-0.15%"
"02/02/2024","774.69","787.81","787.81","766.03","","-1.67%"
"02/01/2024","787.81","777.78","793.23","777.27","","1.31%"
"01/31/2024","777.60","781.79","786.91","776.00","","-0.52%"
"01/30/2024","781.65","768.87","784.93","766.96","","1.69%"
"01/29/2024","768.66","775.45","790.45","768.62","","-0.88%"
"01/26/2024","775.48","777.34","780.01","770.16","","-0.23%"
"01/25/2024","777.29","784.60","792.99","777.24","","-0.92%"
"01/24/2024","784.53","762.77","784.53","762.77","","2.85%"
"01/23/2024","762.76","773.50","776.17","754.71","","-1.50%"
"01/22/2024","774.36","774.84","781.82","772.55","","-0.03%"
"01/19/2024","774.56","765.99","781.86","765.99","","1.37%"
"01/18/2024","764.07","758.05","767.87","755.88","","0.83%"
"01/17/2024","757.80","752.90","757.80","741.22","","0.51%"
"01/16/2024","753.95","739.76","754.94","734.87","","1.91%"
"01/15/2024","739.82","743.45","749.95","736.63","","-0.50%"
"01/12/2024","743.54","720.96","748.30","720.96","","3.13%"
"01/11/2024","720.96","750.31","750.31","718.71","","-4.16%"
"01/10/2024","752.28","747.71","756.81","747.71","","0.62%"
"01/09/2024","747.65","745.00","759.90","745.00","","0.37%"
"01/08/2024","744.90","754.49","763.75","743.09","","-1.27%"
"01/05/2024","754.52","756.89","756.89","746.87","","-0.34%"
"01/04/2024","757.11","733.41","757.31","733.02","","3.32%"
"01/03/2024","732.79","722.63","732.79","718.11","","1.41%"
"01/02/2024","722.63","704.96","726.51","704.96","","2.61%"
"12/29/2023","704.24","701.07","705.15","695.88","","0.40%"
"12/28/2023","701.42","703.22","705.00","695.21","","-0.25%"
"12/27/2023","703.19","725.98","725.98","701.21","","-3.18%"
"12/22/2023","726.30","713.64","728.09","713.64","","1.75%"
"12/21/2023","713.82","712.07","717.20","708.10","","0.05%"
"12/20/2023","713.46","709.08","719.97","708.09","","0.62%"
"12/19/2023","709.08","713.25","715.26","702.77","","-0.58%"
"12/18/2023","713.25","683.34","720.70","683.34","","4.40%"
"12/15/2023","683.17","674.66","688.21","674.66","","1.27%"
"12/14/2023","674.61","670.60","679.50","670.60","","0.81%"
"12/13/2023","669.21","679.54","679.54","660.83","","-1.36%"
"12/12/2023","678.44","686.25","687.71","672.72","","-1.11%"
"12/11/2023","686.08","698.98","699.94","684.78","","-1.84%"
"12/08/2023","698.94","693.65","699.93","693.14","","0.97%"
"12/07/2023","692.25","720.75","720.75","691.29","","-3.77%"
"12/06/2023","719.36","711.85","721.23","711.85","","1.06%"
"12/05/2023","711.84","716.55","721.26","711.19","","-0.60%"
"12/04/2023","716.13","724.19","725.32","714.45","","-1.11%"
"12/01/2023","724.19","706.71","724.84","706.71","","2.59%"
"11/30/2023","705.92","705.53","708.43","697.67","","-0.63%"
"11/29/2023","710.37","723.04","723.04","706.50","","-1.76%"
"11/28/2023","723.09","737.94","737.94","721.17","","-2.05%"
"11/27/2023","738.25","751.28","753.84","738.25","","-1.63%"
"11/24/2023","750.46","739.27","750.46","739.17","","1.48%"
"11/23/2023","739.52","727.09","739.52","726.85","","2.20%"
"11/22/2023","723.58","724.46","727.40","719.91","","0.10%"
"11/21/2023","722.85","732.37","736.50","721.17","","-1.28%"
"11/20/2023","732.22","726.46","738.94","726.46","","0.78%"
"11/17/2023","726.57","714.55","727.59","708.92","","2.22%"
"11/16/2023","710.77","716.07","718.41","709.69","","-0.74%"
"11/15/2023","716.08","713.03","718.91","713.03","","0.42%"
"11/14/2023","713.07","726.89","727.71","712.39","","-1.78%"
"11/13/2023","726.00","721.83","728.56","719.14","","0.63%"
"11/10/2023","721.44","722.91","727.06","720.66","","-0.41%"
"11/09/2023","724.42","724.06","724.42","700.52","","0.73%"
"11/08/2023","719.15","717.64","727.54","711.19","","0.21%"
"11/07/2023","717.64","735.74","735.74","715.09","","-2.41%"
"11/06/2023","735.36","736.57","742.17","732.43","","-0.09%"
"11/03/2023","736.03","750.22","757.23","732.81","","-1.81%"
"11/02/2023","749.62","744.78","752.42","740.58","","0.65%"
"11/01/2023","744.78","726.25","745.49","726.25","","2.59%"
"10/31/2023","725.98","713.65","726.06","712.25","","1.74%"
"10/30/2023","713.57","711.76","721.84","710.57","","0.26%"
"10/27/2023","711.73","697.98","717.90","697.98","","2.05%"
"10/26/2023","697.42","709.32","715.44","697.26","","-1.70%"
"10/25/2023","709.50","702.69","712.39","702.26","","0.99%"
"10/24/2023","702.55","683.26","702.55","681.51","","3.68%"
"10/23/2023","677.64","677.68","686.27","674.87","","0.00%"
"10/20/2023","677.63","681.06","681.34","673.69","","-0.56%"
"10/19/2023","681.42","688.04","688.04","677.86","","-0.91%"
"10/18/2023","687.70","685.50","689.67","679.81","","0.38%"
"10/17/2023","685.13","677.59","685.95","677.59","","1.11%"
"10/16/2023","677.60","678.07","682.01","673.72","","0.02%"
"10/13/2023","677.44","671.22","678.80","671.09","","0.91%"
"10/12/2023","671.32","657.31","673.91","657.31","","2.19%"
"10/11/2023","656.92","659.34","661.94","653.30","","-0.37%"
"10/10/2023","659.37","649.24","659.37","649.24","","1.59%"
"10/09/2023","649.03","636.97","650.65","636.97","","1.90%"
"10/06/2023","636.91","629.40","643.29","629.40","","1.19%"
"10/05/2023","629.40","612.39","629.46","607.92","","2.79%"
"10/04/2023","612.29","636.17","636.17","611.49","","-3.74%"
"10/03/2023","636.09","642.41","642.41","632.12","","-1.23%"
"10/02/2023","644.00","638.44","644.52","638.44","","0.92%"
"09/29/2023","638.16","639.50","648.90","638.16","","-0.20%"
"09/28/2023","639.43","650.62","650.62","635.85","","-1.68%"
"09/27/2023","650.34","643.25","650.69","642.51","","1.04%"
"09/26/2023","643.67","639.51","646.44","639.51","","0.65%"
"09/25/2023","639.51","648.70","648.70","639.49","","-1.37%"
"09/22/2023","648.38","645.26","649.23","640.27","","0.50%"
"09/21/2023","645.14","636.05","646.91","635.13","","1.42%"
"09/20/2023","636.10","638.97","638.97","633.59","","-0.12%"
"09/19/2023","636.89","629.23","636.89","628.36","","1.26%"
"09/18/2023","628.98","620.40","629.33","620.30","","1.54%"
"09/15/2023","619.47","618.58","624.37","618.58","","0.16%"
"09/14/2023","618.48","612.48","622.36","611.68","","1.60%"
"09/13/2023","608.77","613.33","617.89","603.64","","-0.75%"
"09/12/2023","613.39","616.21","617.75","610.07","","-0.46%"
"09/11/2023","616.21","608.60","620.29","608.60","","1.21%"
"09/08/2023","608.84","610.76","618.00","604.98","","-0.25%"
"09/07/2023","610.39","608.40","614.04","604.57","","0.52%"
"09/06/2023","607.22","600.24","609.53","600.24","","1.24%"
"09/05/2023","599.80","609.51","610.07","599.44","","-1.59%"
"09/04/2023","609.46","603.46","614.33","603.46","","1.00%"
"09/01/2023","603.44","605.24","607.25","601.98","","0.28%"
"08/31/2023","601.75","601.94","605.51","598.08","","0.85%"
"08/30/2023","596.66","601.46","607.07","595.87","","-0.61%"
"08/29/2023","600.33","600.26","603.93","594.01","","0.20%"
"08/28/2023","599.12","588.60","599.12","588.60","","1.79%"
"08/25/2023","588.61","588.52","590.23","581.46","","-0.02%"
"08/24/2023","588.70","578.53","589.63","578.53","","2.07%"
"08/23/2023","576.76","588.84","588.84","573.35","","-2.05%"
"08/22/2023","588.85","585.57","589.74","583.01","","0.61%"
"08/21/2023","585.27","582.27","588.15","582.27","","0.72%"
"08/18/2023","581.08","587.95","591.07","577.49","","-1.17%"
"08/17/2023","587.93","587.54","590.50","585.85","","0.13%"
"08/16/2023","587.18","576.77","588.98","576.49","","1.79%"
"08/15/2023","576.84","570.21","579.58","570.21","","1.16%"
"08/14/2023","570.21","569.27","572.80","565.45","","0.15%"
"08/11/2023","569.34","564.94","570.04","564.42","","0.78%"
"08/10/2023","564.93","566.30","567.95","561.80","","-0.23%"
"08/09/2023","566.23","557.03","567.22","556.55","","1.67%"
"08/08/2023","556.94","556.49","557.57","551.91","","-0.03%"
"08/07/2023","557.13","559.96","563.39","554.42","","-0.51%"
"08/04/2023","559.96","553.08","567.15","553.08","","1.24%"
"08/03/2023","553.12","542.29","555.02","540.68","","2.00%"
"08/02/2023","542.29","548.58","548.58","540.88","","-1.15%"
"08/01/2023","548.62","546.20","550.20","542.48","","0.42%"
"07/31/2023","546.33","529.95","550.87","529.95","","3.10%"
"07/28/2023","529.91","527.95","530.58","525.76","","0.37%"
"07/27/2023","527.95","522.73","528.66","522.73","","1.04%"
"07/26/2023","522.54","524.06","524.67","521.04","","-0.26%"
"07/25/2023","523.91","518.38","524.88","517.65","","1.10%"
"07/24/2023","518.22","515.13","519.02","509.84","","0.64%"
"07/21/2023","514.90","517.70","524.17","514.90","","-0.54%"
"07/20/2023","517.67","516.91","520.44","516.53","","0.10%"
"07/19/2023","517.14","518.76","518.76","513.84","","-0.28%"
"07/18/2023","518.58","515.85","519.88","514.94","","0.55%"
"07/17/2023","515.76","526.63","526.63","515.19","","-2.16%"
"07/14/2023","527.12","533.27","533.27","525.85","","-1.17%"
"07/13/2023","533.37","542.42","542.89","531.71","","-1.66%"
"07/12/2023","542.36","546.54","549.32","542.07","","-0.71%"
"07/11/2023","546.24","542.91","546.75","539.59","","0.61%"
"07/10/2023","542.91","543.76","544.75","538.95","","-0.20%"
"07/07/2023","544.00","539.52","544.00","535.62","","0.83%"
"07/06/2023","539.52","536.32","542.49","531.59","","0.60%"
"07/05/2023","536.31","541.40","541.40","533.74","","-0.88%"
"07/04/2023","541.05","544.51","547.68","541.05","","-0.65%"
"07/03/2023","544.57","540.55","550.62","540.55","","0.72%"
"06/30/2023","540.67","534.21","542.43","533.90","","1.27%"
"06/29/2023","533.89","528.73","533.89","526.12","","0.97%"
"06/28/2023","528.76","527.44","532.36","526.39","","0.38%"
"06/27/2023","526.78","533.82","533.82","522.07","","-1.30%"
"06/26/2023","533.73","539.67","539.67","526.02","","-1.10%"
"06/23/2023","539.67","545.51","545.82","535.80","","-1.09%"
"06/22/2023","545.64","551.01","554.07","543.39","","-0.98%"
"06/21/2023","551.02","543.54","552.81","541.50","","1.74%"
"06/20/2023","541.61","546.78","547.60","539.54","","-0.94%"
"06/19/2023","546.77","550.02","550.38","542.28","","-0.61%"
"06/16/2023","550.10","548.14","553.27","548.14","","0.37%"
"06/15/2023","548.06","546.58","554.88","545.00","","0.79%"
"06/14/2023","543.75","544.64","545.66","540.85","","-0.22%"
"06/13/2023","544.96","532.42","546.51","532.42","","2.36%"
"06/12/2023","532.41","532.67","540.45","531.86","","-0.06%"
"06/09/2023","532.73","532.95","533.58","528.20","","-0.04%"
"06/08/2023","532.95","525.56","537.14","525.56","","1.41%"
"06/07/2023","525.56","521.37","527.66","520.72","","1.12%"
"06/06/2023","519.74","529.80","529.80","517.12","","-1.88%"
"06/05/2023","529.71","539.71","540.58","529.18","","-1.69%"
"06/02/2023","538.82","532.70","538.84","529.54","","1.16%"
"06/01/2023","532.62","523.09","533.13","519.43","","2.14%"
"05/31/2023","521.45","534.86","534.86","517.82","","-2.47%"
"05/30/2023","534.63","533.72","539.26","533.72","","0.40%"
"05/26/2023","532.49","528.36","533.03","524.95","","1.55%"
"05/25/2023","524.38","531.30","532.16","523.00","","-0.23%"
"05/24/2023","525.60","532.17","532.17","523.08","","-1.23%"
"05/23/2023","532.17","521.25","536.01","521.24","","2.16%"
"05/22/2023","520.91","522.63","525.87","519.17","","-0.33%"
"05/19/2023","522.63","516.81","522.93","516.81","","1.19%"
"05/16/2023","516.50","516.46","520.28","509.43","","-0.03%"
"05/15/2023","516.65","523.88","523.88","514.04","","-1.40%"
"05/12/2023","523.97","519.80","526.10","514.42","","0.90%"
"05/11/2023","519.32","509.67","523.29","509.67","","1.90%"
"05/10/2023","509.63","509.70","514.88","505.70","","0.10%"
"05/09/2023","509.10","503.82","509.10","501.61","","1.06%"
"05/08/2023","503.78","510.25","510.91","501.91","","-1.22%"
"05/05/2023","510.01","500.24","511.02","498.38","","2.00%"
"05/04/2023","499.99","528.39","528.39","499.33","","-5.39%"
"05/03/2023","528.50","537.17","537.70","527.33","","-1.61%"
"05/02/2023","537.13","548.19","548.89","537.10","","-2.02%"
"04/28/2023","548.21","540.56","548.21","536.04","","1.40%"
"04/27/2023","540.63","548.76","548.76","535.72","","-0.38%"
"04/26/2023","542.71","549.39","551.09","541.90","","-1.22%"
"04/25/2023","549.41","558.28","559.61","548.08","","-1.22%"
"04/24/2023","556.20","545.39","556.77","543.11","","2.02%"
"04/21/2023","545.21","556.13","557.62","543.96","","-1.97%"
"04/20/2023","556.14","555.27","557.00","547.63","","0.17%"
"04/19/2023","555.21","563.95","566.03","554.77","","-1.56%"
"04/18/2023","564.01","552.08","564.02","552.08","","2.18%"
"04/17/2023","551.98","539.29","553.32","539.29","","2.36%"
"04/14/2023","539.23","539.80","542.82","533.79","","-0.19%"
"04/13/2023","540.26","526.20","540.61","524.41","","2.80%"
"04/12/2023","525.53","521.76","529.71","520.18","","0.71%"
"04/11/2023","521.82","509.17","521.82","509.17","","2.45%"
"04/05/2023","509.33","508.55","512.06","505.14","","0.19%"
"04/04/2023","508.37","511.19","512.88","507.89","","-0.55%"
"04/03/2023","511.19","534.04","534.19","511.08","","-4.28%"
"03/31/2023","534.04","531.71","535.34","529.78","","0.45%"
"03/30/2023","531.66","531.33","534.59","525.17","","0.07%"
"03/29/2023","531.29","527.62","531.51","525.28","","0.70%"
"03/28/2023","527.60","531.24","535.34","524.41","","-0.69%"
"03/27/2023","531.24","524.18","533.48","522.28","","1.35%"
"03/24/2023","524.15","537.99","538.36","516.41","","-2.43%"
"03/23/2023","537.21","544.15","544.15","531.96","","-0.83%"
"03/22/2023","541.70","545.69","549.04","537.92","","-0.58%"
"03/21/2023","544.87","537.56","550.20","537.56","","1.42%"
"03/20/2023","537.24","530.35","537.96","509.84","","1.19%"
"03/17/2023","530.91","534.72","548.22","529.55","","-0.64%"
"03/16/2023","534.31","534.56","539.10","525.90","","0.01%"
"03/15/2023","534.28","558.77","558.77","529.94","","-3.73%"
"03/14/2023","554.99","537.28","555.80","534.58","","3.33%"
"03/13/2023","537.08","563.20","563.24","530.73","","-4.63%"
"03/10/2023","563.17","572.96","572.96","558.26","","-1.52%"
"03/09/2023","571.84","570.64","578.03","570.37","","0.23%"
"03/08/2023","570.55","556.66","571.19","555.27","","2.73%"
"03/07/2023","555.38","554.69","561.37","552.66","","0.10%"
"03/06/2023","554.83","565.90","569.84","554.22","","-1.89%"
"03/03/2023","565.53","561.76","566.92","556.58","","1.84%"
"03/02/2023","555.30","562.51","562.51","552.88","","-1.29%"
"03/01/2023","562.53","559.07","565.74","559.07","","0.80%"
"02/28/2023","558.06","560.41","561.82","550.54","","-0.32%"
"02/27/2023","559.83","552.18","560.42","552.18","","1.55%"
"02/24/2023","551.29","543.64","553.92","543.64","","1.40%"
"02/23/2023","543.68","531.23","543.68","531.23","","2.35%"
"02/22/2023","531.22","536.57","536.57","530.22","","-0.94%"
"02/21/2023","536.24","529.77","538.23","529.77","","1.34%"
"02/20/2023","529.16","527.04","530.70","523.78","","0.55%"
"02/17/2023","526.27","523.38","526.46","521.51","","0.58%"
"02/16/2023","523.24","517.05","524.66","517.05","","1.20%"
"02/15/2023","517.03","520.14","520.14","514.00","","-0.60%"
"02/14/2023","520.16","511.52","520.63","509.74","","1.70%"
"02/13/2023","511.45","503.58","511.61","499.52","","1.83%"
"02/10/2023","502.25","504.88","510.58","500.66","","-0.52%"
"02/09/2023","504.86","503.11","505.36","497.88","","0.38%"
"02/08/2023","502.97","508.11","514.67","501.02","","-1.02%"
"02/07/2023","508.13","493.41","510.91","493.41","","2.99%"
"02/06/2023","493.37","493.42","495.06","485.95","","-0.01%"
"02/03/2023","493.42","487.61","494.51","484.50","","1.21%"
"02/02/2023","487.52","495.30","495.30","484.50","","-1.54%"
"02/01/2023","495.17","484.17","496.06","484.17","","2.27%"
"01/31/2023","484.16","480.24","484.47","476.70","","0.93%"
"01/30/2023","479.72","469.93","480.42","468.59","","2.22%"
"01/27/2023","469.31","464.09","469.31","463.59","","1.11%"
"01/26/2023","464.17","457.82","470.07","457.82","","1.39%"
"01/25/2023","457.80","472.22","473.30","457.01","","-3.05%"
"01/24/2023","472.21","483.61","483.61","471.61","","-2.30%"
"01/23/2023","483.31","489.57","490.53","480.32","","-1.28%"
"01/20/2023","489.57","480.49","489.79","480.49","","1.96%"
"01/19/2023","480.17","486.81","486.81","477.04","","-1.40%"
"01/18/2023","486.97","483.39","488.07","480.48","","0.74%"
"01/17/2023","483.39","474.14","484.77","474.01","","1.69%"
"01/16/2023","475.35","469.44","479.66","469.44","","1.27%"
"01/13/2023","469.37","459.55","470.67","459.55","","2.18%"
"01/12/2023","459.34","468.46","468.46","453.98","","-1.95%"
"01/11/2023","468.48","465.84","470.96","464.30","","0.65%"
"01/10/2023","465.47","456.08","469.51","449.01","","2.06%"
"01/09/2023","456.08","454.29","460.37","452.45","","0.31%"
"01/06/2023","454.67","449.37","455.52","448.47","","1.19%"
"01/05/2023","449.33","446.61","450.98","443.40","","0.63%"
"01/04/2023","446.51","465.73","465.73","446.51","","-4.13%"
"01/03/2023","465.73","476.41","480.54","465.57","","-2.09%"
"01/02/2023","475.69","465.23","478.39","465.23","","2.24%"
"12/30/2022","465.25","471.58","473.23","463.46","","-1.31%"
"12/29/2022","471.43","467.88","471.89","464.17","","0.75%"
"12/28/2022","467.92","481.77","482.44","466.85","","-2.88%"
"12/27/2022","481.81","481.43","489.61","480.91","","0.06%"
"12/23/2022","481.51","481.68","481.93","478.62","","-0.04%"
"12/22/2022","481.69","488.03","493.10","479.96","","-1.30%"
"12/21/2022","488.01","483.56","491.50","482.97","","0.93%"
"12/20/2022","483.50","477.64","483.84","468.70","","1.59%"
"12/19/2022","475.91","480.48","482.92","475.11","","-0.83%"
"12/16/2022","479.90","478.33","480.43","473.59","","0.38%"
"12/15/2022","478.07","475.59","480.77","471.48","","0.47%"
"12/14/2022","475.84","481.10","481.64","474.46","","-1.07%"
"12/13/2022","480.99","477.74","487.80","475.91","","0.68%"
"12/12/2022","477.73","470.90","477.73","468.74","","1.50%"
"12/09/2022","470.68","465.99","471.52","461.99","","1.01%"
"12/08/2022","465.99","460.01","466.26","458.31","","1.30%"
"12/07/2022","460.02","473.71","473.71","460.02","","-2.79%"
"12/06/2022","473.22","475.58","478.95","471.50","","-0.51%"
"12/05/2022","475.64","465.11","480.32","465.11","","2.33%"
"12/02/2022","464.81","473.94","473.94","463.05","","-1.93%"
"12/01/2022","473.94","474.90","477.75","471.43","","-0.13%"
"11/30/2022","474.55","472.62","474.55","466.68","","0.61%"
"11/29/2022","471.68","462.21","471.68","458.01","","2.08%"
"11/28/2022","462.07","468.39","468.91","458.25","","-1.31%"
"11/25/2022","468.21","467.84","468.83","463.29","","1.01%"
"11/24/2022","463.53","473.15","473.47","462.30","","-2.03%"
"11/23/2022","473.14","478.59","480.77","468.33","","-0.79%"
"11/22/2022","476.90","474.70","482.81","474.70","","0.53%"
"11/21/2022","474.37","471.51","482.80","470.95","","0.83%"
"11/18/2022","470.48","470.02","476.14","466.62","","0.10%"
"11/17/2022","470.02","467.68","472.40","464.62","","0.59%"
"11/16/2022","467.27","474.07","478.40","466.46","","-1.05%"
"11/15/2022","472.23","476.43","477.37","470.53","","-0.86%"
"11/14/2022","476.31","478.64","479.92","471.91","","-0.38%"
"11/11/2022","478.15","477.27","485.26","474.76","","0.35%"
"11/10/2022","476.49","486.61","487.34","474.46","","-2.12%"
"11/09/2022","486.82","487.25","491.50","483.44","","0.05%"
"11/08/2022","486.60","483.19","487.55","482.62","","0.78%"
"11/07/2022","482.81","475.54","483.71","474.32","","1.52%"
"11/04/2022","475.59","474.05","479.23","468.32","","0.53%"
"11/03/2022","473.07","461.62","473.32","458.91","","2.47%"
"11/02/2022","461.66","447.07","461.66","447.07","","3.26%"
"11/01/2022","447.07","432.82","447.57","432.82","","3.19%"
"10/31/2022","433.23","430.55","435.24","425.93","","0.59%"
"10/28/2022","430.69","432.34","434.24","427.32","","-0.41%"
"10/27/2022","432.45","438.39","440.10","431.72","","-1.35%"
"10/26/2022","438.36","437.17","440.28","433.38","","0.30%"
"10/25/2022","437.03","437.36","439.41","430.20","","-0.01%"
"10/24/2022","437.09","433.27","440.34","433.27","","0.91%"
"10/21/2022","433.13","429.25","434.15","425.55","","0.89%"
"10/20/2022","429.33","436.05","436.98","426.03","","-1.52%"
"10/19/2022","435.94","439.44","440.39","431.88","","-0.77%"
"10/18/2022","439.32","428.33","439.41","428.33","","2.49%"
"10/17/2022","428.66","417.73","428.69","417.67","","2.79%"
"10/14/2022","417.03","406.95","419.60","406.95","","2.72%"
"10/13/2022","406.00","395.00","406.00","395.00","","2.79%"
"10/12/2022","394.98","392.06","401.31","392.06","","0.74%"
"10/11/2022","392.07","405.65","405.65","391.23","","-3.32%"
"10/10/2022","405.54","405.41","406.71","393.31","","0.03%"
"10/07/2022","405.41","402.13","406.20","402.09","","0.81%"
"10/06/2022","402.16","396.73","406.94","396.58","","1.41%"
"10/05/2022","396.56","402.60","403.10","394.47","","-1.50%"
"10/04/2022","402.59","399.06","405.50","399.06","","0.90%"
"10/03/2022","398.98","394.88","399.95","391.35","","1.09%"
"09/30/2022","394.68","383.84","400.31","383.84","","2.78%"
"09/29/2022","384.00","396.70","400.41","380.04","","-3.24%"
"09/28/2022","396.86","395.90","397.86","382.51","","0.22%"
"09/27/2022","395.99","391.84","396.65","389.42","","1.04%"
"09/26/2022","391.91","387.16","392.31","378.71","","0.93%"
"09/23/2022","388.28","410.26","410.26","385.69","","-5.36%"
"09/22/2022","410.29","414.37","414.37","406.03","","-0.58%"
"09/21/2022","412.70","408.31","415.79","408.31","","1.09%"
"09/20/2022","408.24","400.06","412.76","400.06","","2.08%"
"09/19/2022","399.91","402.23","402.23","383.20","","-0.59%"
"09/16/2022","402.28","415.90","415.92","401.64","","-3.25%"
"09/15/2022","415.80","421.28","422.26","414.33","","-1.14%"
"09/14/2022","420.59","410.47","422.72","404.55","","2.45%"
"09/13/2022","410.53","406.44","413.46","403.61","","1.02%"
"09/12/2022","406.40","404.81","408.60","403.28","","0.41%"
"09/09/2022","404.74","389.69","405.44","389.69","","4.18%"
"09/08/2022","388.49","391.90","391.90","382.80","","-0.86%"
"09/07/2022","391.86","404.31","404.64","387.68","","-2.57%"
"09/06/2022","402.18","410.91","410.91","399.06","","-1.67%"
"09/05/2022","409.02","402.35","409.48","400.52","","1.66%"
"09/02/2022","402.35","398.42","403.33","397.07","","0.86%"
"09/01/2022","398.93","399.09","400.25","391.18","","0.61%"
"08/31/2022","396.51","397.96","399.19","390.79","","-0.31%"
"08/30/2022","397.74","404.04","404.60","395.95","","-1.54%"
"08/29/2022","403.95","404.55","404.55","396.82","","-0.11%"
"08/26/2022","404.40","411.92","412.32","401.90","","-1.82%"
"08/25/2022","411.89","416.05","417.04","411.89","","-0.94%"
"08/24/2022","415.81","411.43","416.41","405.47","","1.07%"
"08/23/2022","411.41","408.70","412.94","406.33","","0.63%"
"08/22/2022","408.84","414.06","414.56","404.83","","-1.28%"
"08/19/2022","414.16","422.88","423.04","412.88","","-1.91%"
"08/18/2022","422.21","419.67","426.73","417.13","","0.56%"
"08/17/2022","419.84","426.55","426.55","413.73","","-1.63%"
"08/16/2022","426.80","418.13","428.40","418.13","","2.09%"
"08/15/2022","418.08","429.28","432.74","415.05","","-2.11%"
"08/12/2022","427.11","423.37","430.13","423.37","","0.90%"
"08/11/2022","423.31","411.32","423.71","411.32","","2.90%"
"08/10/2022","411.38","407.78","415.73","406.16","","0.88%"
"08/09/2022","407.78","401.73","408.14","400.59","","1.47%"
"08/08/2022","401.89","394.89","402.19","394.89","","1.81%"
"08/05/2022","394.74","391.53","395.11","387.83","","0.79%"
"08/04/2022","391.64","398.08","399.57","388.32","","-1.61%"
"08/03/2022","398.05","397.93","403.27","396.73","","-0.04%"
"08/02/2022","398.19","396.69","399.52","396.19","","0.40%"
"08/01/2022","396.59","393.18","403.88","392.98","","0.89%"
"07/29/2022","393.10","393.44","396.20","391.81","","-0.06%"
"07/28/2022","393.32","391.86","397.66","391.86","","0.34%"
"07/27/2022","391.98","387.09","392.30","387.09","","1.27%"
"07/26/2022","387.06","385.70","391.58","385.70","","0.35%"
"07/25/2022","385.70","386.79","386.79","380.68","","-0.35%"
"07/22/2022","387.07","384.08","389.66","384.08","","0.78%"
"07/21/2022","384.08","384.30","389.23","382.80","","0.02%"
"07/20/2022","384.02","385.33","388.12","382.24","","-0.36%"
"07/19/2022","385.39","381.58","385.61","379.89","","0.96%"
"07/18/2022","381.73","369.72","381.93","369.72","","3.24%"
"07/15/2022","369.75","361.58","372.39","361.58","","2.26%"
"07/14/2022","361.57","361.80","368.07","359.79","","-0.57%"
"07/13/2022","363.63","363.15","368.06","360.85","","0.14%"
"07/12/2022","363.12","361.55","367.77","361.41","","0.51%"
"07/11/2022","361.26","359.60","365.95","357.10","","0.46%"
"07/08/2022","359.60","360.88","363.68","358.01","","-0.43%"
"07/07/2022","361.15","347.45","362.59","347.45","","3.94%"
"07/06/2022","347.45","356.62","356.66","347.18","","-2.60%"
"07/05/2022","356.71","360.98","363.64","353.96","","-1.20%"
"07/04/2022","361.03","356.02","362.92","356.02","","1.41%"
"07/01/2022","356.02","369.82","369.82","355.99","","-3.74%"
"06/30/2022","369.85","377.78","377.78","369.40","","-2.08%"
"06/29/2022","377.71","377.26","382.67","374.18","","0.07%"
"06/28/2022","377.46","379.03","383.54","377.28","","-0.41%"
"06/27/2022","379.03","367.99","379.30","367.99","","3.00%"
"06/24/2022","367.99","371.02","371.34","365.25","","-1.09%"
"06/23/2022","372.06","371.64","376.83","363.18","","0.25%"
"06/22/2022","371.12","383.18","383.18","368.99","","-3.09%"
"06/21/2022","382.94","372.82","383.10","372.82","","2.75%"
"06/20/2022","372.70","373.15","373.78","367.52","","-0.11%"
"06/17/2022","373.12","367.01","376.66","365.76","","1.66%"
"06/16/2022","367.01","376.22","377.00","366.40","","-2.40%"
"06/15/2022","376.04","376.11","376.82","369.10","","-0.02%"
"06/14/2022","376.13","372.97","380.16","366.31","","0.80%"
"06/13/2022","373.13","382.06","382.06","373.13","","-2.34%"
"06/10/2022","382.08","388.37","388.37","378.74","","-1.63%"
"06/09/2022","388.42","395.59","395.59","385.51","","-1.78%"
"06/08/2022","395.47","412.94","412.94","393.74","","-4.13%"
"06/07/2022","412.52","406.84","416.03","405.79","","1.62%"
"06/03/2022","405.95","402.74","406.64","402.54","","0.80%"
"06/02/2022","402.74","393.83","403.74","393.83","","2.32%"
"06/01/2022","393.59","395.44","396.67","389.57","","-0.45%"
"05/31/2022","395.38","392.57","397.83","390.93","","1.11%"
"05/30/2022","391.03","402.10","410.13","390.68","","-2.75%"
"05/27/2022","402.09","396.58","407.16","396.58","","1.50%"
"05/25/2022","396.14","388.32","400.69","388.32","","2.07%"
"05/24/2022","388.09","388.25","392.60","386.59","","0.41%"
"05/23/2022","386.52","390.45","393.60","384.04","","-0.96%"
"05/20/2022","390.28","380.32","392.19","380.32","","2.70%"
"05/19/2022","380.01","384.16","384.16","376.32","","-1.07%"
"05/18/2022","384.12","373.69","384.41","373.69","","2.79%"
"05/16/2022","373.69","363.30","373.69","362.77","","3.04%"
"05/13/2022","362.65","350.57","362.65","350.57","","3.46%"
"05/12/2022","350.53","355.29","355.29","346.05","","-1.34%"
"05/11/2022","355.29","349.42","355.29","348.29","","1.69%"
"05/10/2022","349.37","344.00","349.89","334.91","","1.55%"
"05/09/2022","344.03","360.09","360.09","343.99","","-4.46%"
"05/06/2022","360.09","359.51","362.23","354.89","","0.06%"
"05/05/2022","359.86","363.62","364.73","359.84","","-1.01%"
"05/04/2022","363.52","355.47","365.70","355.47","","2.27%"
"05/03/2022","355.46","351.15","355.63","349.26","","1.22%"
"05/02/2022","351.17","356.91","356.91","345.92","","-1.54%"
"04/29/2022","356.67","355.23","358.24","352.33","","0.57%"
"04/28/2022","354.64","351.49","358.79","351.49","","0.89%"
"04/27/2022","351.51","340.56","352.80","340.56","","3.45%"
"04/26/2022","339.79","336.39","340.85","334.55","","1.18%"
"04/25/2022","335.83","352.65","352.65","334.85","","-4.77%"
"04/22/2022","352.65","358.37","358.37","350.73","","-1.57%"
"04/21/2022","358.28","351.54","358.58","351.22","","1.92%"
"04/20/2022","351.52","352.42","354.71","349.47","","-0.24%"
"04/19/2022","352.35","343.66","355.50","343.66","","2.54%"
"04/13/2022","343.63","338.35","344.12","338.35","","1.43%"
"04/12/2022","338.80","341.81","341.81","336.31","","-0.96%"
"04/11/2022","342.07","348.52","351.55","340.48","","-1.86%"
"04/08/2022","348.56","349.95","351.76","347.89","","-0.22%"
"04/07/2022","349.33","350.58","352.99","348.32","","-0.33%"
"04/06/2022","350.47","352.61","355.05","348.75","","-0.56%"
"04/05/2022","352.44","351.62","354.83","349.19","","0.22%"
"04/04/2022","351.66","354.27","357.10","350.48","","-0.74%"
"04/01/2022","354.27","344.61","355.25","343.88","","2.79%"
"03/31/2022","344.65","340.57","346.51","340.57","","1.14%"
"03/30/2022","340.76","332.02","341.14","332.02","","2.62%"
"03/29/2022","332.07","341.27","341.32","328.31","","-2.68%"
"03/28/2022","341.21","333.22","342.15","333.22","","2.42%"
"03/25/2022","333.15","330.33","333.50","328.28","","0.91%"
"03/24/2022","330.16","337.02","337.21","329.86","","-1.77%"
"03/23/2022","336.12","333.43","336.61","332.88","","0.88%"
"03/22/2022","333.18","332.17","334.97","330.73","","0.30%"
"03/21/2022","332.17","328.55","332.55","327.24","","1.10%"
"03/18/2022","328.55","333.02","333.53","328.53","","-1.34%"
"03/17/2022","333.02","328.75","335.43","328.66","","1.35%"
"03/16/2022","328.59","317.45","330.75","317.45","","3.67%"
"03/15/2022","316.97","318.56","321.85","313.64","","-0.50%"
"03/14/2022","318.56","323.58","323.58","316.78","","-1.54%"
"03/11/2022","323.53","321.05","330.18","320.32","","0.82%"
"03/10/2022","320.89","320.47","325.52","320.13","","0.17%"
"03/09/2022","320.36","316.31","322.22","316.31","","1.29%"
"03/08/2022","316.27","317.62","317.85","313.03","","-0.61%"
"03/07/2022","318.22","319.50","319.50","309.67","","-0.39%"
"03/04/2022","319.45","325.55","325.55","313.73","","-1.76%"
"03/03/2022","325.16","325.43","330.91","321.60","","-0.04%"
"03/02/2022","325.28","332.62","332.62","323.02","","-1.49%"
"03/01/2022","330.21","333.61","337.13","329.15","","-0.80%"
"02/28/2022","332.86","329.25","334.53","327.51","","1.14%"
"02/25/2022","329.10","319.46","329.13","319.46","","3.03%"
"02/24/2022","319.43","328.35","328.35","312.96","","-2.78%"
"02/23/2022","328.57","326.62","330.75","325.28","","0.84%"
"02/22/2022","325.84","316.61","326.03","307.11","","2.78%"
"02/21/2022","317.02","325.09","325.09","313.29","","-2.55%"
"02/18/2022","325.33","325.74","328.81","322.26","","-0.13%"
"02/17/2022","325.74","322.53","327.54","321.93","","0.94%"
"02/16/2022","322.72","318.16","323.05","317.66","","1.46%"
"02/15/2022","318.07","313.71","318.54","312.73","","1.43%"
"02/14/2022","313.59","316.98","316.98","308.54","","-1.32%"
"02/11/2022","317.77","314.47","317.77","307.82","","1.07%"
"02/10/2022","314.41","301.80","315.18","301.28","","4.68%"
"02/09/2022","300.36","296.59","301.85","296.59","","1.28%"
"02/08/2022","296.55","295.26","298.18","295.08","","0.44%"
"02/07/2022","295.24","292.52","295.24","286.65","","1.94%"
"02/04/2022","289.62","288.39","290.31","285.86","","0.33%"
"02/03/2022","288.67","290.73","291.70","286.16","","-0.71%"
"02/02/2022","290.74","284.41","292.12","283.30","","2.51%"
"02/01/2022","283.62","279.60","283.62","278.00","","1.15%"
"01/31/2022","280.39","284.18","286.98","279.00","","-1.30%"
"01/28/2022","284.08","283.12","285.24","281.84","","0.37%"
"01/27/2022","283.02","276.91","284.28","272.36","","2.06%"
"01/26/2022","277.32","269.42","277.65","269.42","","3.05%"
"01/25/2022","269.12","263.99","272.94","263.99","","1.96%"
"01/24/2022","263.95","274.60","280.01","262.92","","-3.73%"
"01/21/2022","274.18","281.63","281.63","273.63","","-2.65%"
"01/20/2022","281.63","283.29","283.64","279.72","","-0.73%"
"01/19/2022","283.70","284.06","284.52","280.62","","-0.17%"
"01/18/2022","284.17","287.39","287.66","282.86","","-1.13%"
"01/17/2022","287.41","285.97","289.94","285.58","","0.51%"
"01/14/2022","285.94","286.70","286.70","283.70","","-0.25%"
"01/13/2022","286.65","287.32","289.13","284.98","","-0.26%"
"01/12/2022","287.40","285.01","289.28","285.01","","0.85%"
"01/11/2022","284.98","280.02","284.98","280.02","","1.75%"
"01/10/2022","280.08","284.42","286.77","279.30","","-1.55%"
"01/07/2022","284.50","281.84","285.14","281.84","","0.87%"
"01/06/2022","282.06","282.43","284.10","277.13","","-0.15%"
"01/05/2022","282.49","283.62","284.18","280.01","","-0.42%"
"01/04/2022","283.67","283.38","286.52","282.94","","0.11%"
"01/03/2022","283.35","274.35","283.51","274.35","","3.29%"
"12/30/2021","274.32","272.25","275.55","271.77","","0.76%"
"12/29/2021","272.25","271.12","272.92","270.15","","0.43%"
"12/28/2021","271.08","269.11","272.04","268.13","","0.78%"
"12/27/2021","268.98","266.04","269.90","266.04","","1.12%"
"12/23/2021","265.99","263.11","266.84","263.11","","1.09%"
"12/22/2021","263.11","259.74","263.83","259.74","","1.29%"
"12/21/2021","259.76","256.98","261.18","256.98","","1.26%"
"12/20/2021","256.52","254.79","257.21","252.24","","0.52%"
"12/17/2021","255.19","257.55","257.55","254.63","","-0.95%"
"12/16/2021","257.64","250.85","257.71","250.85","","2.78%"
"12/15/2021","250.66","253.65","254.82","250.48","","-1.16%"
"12/14/2021","253.60","256.41","256.80","249.50","","-1.10%"
"12/13/2021","256.42","259.42","262.73","255.91","","-1.19%"
"12/10/2021","259.52","256.89","260.29","255.58","","1.02%"
"12/09/2021","256.89","259.54","260.66","256.31","","-1.10%"
"12/08/2021","259.76","261.13","261.13","258.44","","0.43%"
"12/07/2021","258.66","250.98","259.08","250.98","","3.10%"
"12/06/2021","250.88","253.33","254.06","249.15","","-0.93%"
"12/03/2021","253.24","253.85","256.39","252.54","","-0.11%"
"12/02/2021","253.51","254.94","255.89","249.35","","-0.58%"
"12/01/2021","254.98","255.99","259.50","254.74","","0.01%"
"11/30/2021","254.96","254.37","256.26","250.73","","0.22%"
"11/29/2021","254.39","248.44","254.51","248.44","","2.39%"
"11/26/2021","248.44","255.60","255.60","245.57","","-2.89%"
"11/25/2021","255.83","252.78","256.65","252.78","","1.25%"
"11/24/2021","252.67","251.19","252.67","249.99","","0.57%"
"11/23/2021","251.24","254.22","254.86","247.49","","-1.18%"
"11/22/2021","254.23","254.60","257.01","253.01","","-0.15%"
"11/19/2021","254.61","249.87","255.17","249.87","","2.20%"
"11/18/2021","249.13","251.89","252.56","248.87","","-1.22%"
"11/17/2021","252.20","250.92","253.60","249.38","","0.54%"
"11/16/2021","250.85","257.06","258.24","250.60","","-2.35%"
"11/15/2021","256.89","263.02","263.83","256.21","","-2.12%"
"11/12/2021","262.46","263.08","267.41","262.10","","-0.29%"
"11/11/2021","263.22","254.79","263.34","254.47","","3.29%"
"11/10/2021","254.84","255.05","260.08","254.38","","-0.05%"
"11/09/2021","254.96","252.72","257.04","251.77","","1.15%"
"11/08/2021","252.07","252.26","252.36","249.84","","-0.06%"
"11/05/2021","252.23","253.38","254.02","250.85","","-0.44%"
"11/04/2021","253.34","251.83","256.66","251.83","","0.61%"
"11/03/2021","251.81","249.64","252.56","249.26","","1.02%"
"11/02/2021","249.26","252.61","253.24","248.07","","-1.34%"
"11/01/2021","252.64","248.76","253.35","248.76","","1.67%"
"10/29/2021","248.48","247.10","252.49","247.08","","0.52%"
"10/28/2021","247.19","248.44","249.54","245.49","","-0.58%"
"10/27/2021","248.64","253.23","253.23","245.99","","-1.81%"
"10/26/2021","253.23","251.94","253.88","251.23","","0.51%"
"10/25/2021","251.94","250.47","252.61","250.39","","0.56%"
"10/22/2021","250.53","250.46","251.57","248.74","","0.03%"
"10/21/2021","250.46","253.13","254.64","249.99","","-1.08%"
"10/20/2021","253.20","256.67","258.52","252.34","","-1.34%"
"10/19/2021","256.65","252.37","257.68","252.37","","1.75%"
"10/18/2021","252.24","248.98","252.44","248.58","","1.31%"
"10/15/2021","248.98","247.77","248.98","245.85","","0.48%"
"10/14/2021","247.80","248.18","250.88","247.49","","-0.13%"
"10/13/2021","248.13","252.32","252.32","247.69","","-1.56%"
"10/12/2021","252.07","252.50","252.50","248.64","","-0.20%"
"10/11/2021","252.57","251.60","252.58","249.47","","0.43%"
"10/08/2021","251.50","253.44","254.72","250.28","","-0.77%"
"10/07/2021","253.44","253.32","255.76","252.72","","0.16%"
"10/06/2021","253.04","255.08","255.72","250.98","","-0.82%"
"10/05/2021","255.12","251.61","255.48","248.77","","1.40%"
"10/04/2021","251.61","257.88","260.19","251.56","","-2.45%"
"10/01/2021","257.93","253.18","258.29","248.63","","1.88%"
"09/30/2021","253.18","252.38","255.15","251.28","","0.32%"
"09/29/2021","252.38","251.10","253.36","250.19","","0.65%"
"09/28/2021","250.75","251.61","253.77","248.89","","-0.18%"
"09/27/2021","251.20","246.96","251.33","246.19","","1.71%"
"09/24/2021","246.97","244.55","247.75","244.55","","0.99%"
"09/23/2021","244.56","245.85","249.33","244.56","","-0.51%"
"09/22/2021","245.82","238.29","246.44","238.29","","3.19%"
"09/21/2021","238.22","239.97","242.14","237.97","","-0.71%"
"09/20/2021","239.92","255.04","255.04","235.95","","-5.94%"
"09/17/2021","255.08","256.74","258.33","254.89","","-0.51%"
"09/16/2021","256.39","251.81","257.55","251.81","","1.81%"
"09/15/2021","251.84","251.83","253.29","251.75","","-0.01%"
"09/14/2021","251.87","253.10","255.41","251.82","","-0.47%"
"09/13/2021","253.07","248.19","253.83","248.19","","2.00%"
"09/10/2021","248.10","249.10","251.24","248.01","","-0.35%"
"09/09/2021","248.97","247.85","248.97","244.80","","1.04%"
"09/08/2021","246.41","250.12","250.45","246.32","","-1.48%"
"09/07/2021","250.12","246.09","250.62","246.09","","1.57%"
"09/06/2021","246.25","245.14","246.65","244.73","","0.45%"
"09/03/2021","245.14","249.46","250.02","244.53","","-1.75%"
"09/02/2021","249.50","242.99","249.73","242.99","","2.69%"
"09/01/2021","242.97","243.24","244.89","242.29","","0.06%"
"08/31/2021","242.82","248.02","249.58","242.82","","-2.11%"
"08/30/2021","248.06","249.49","251.98","247.97","","-0.50%"
"08/27/2021","249.30","249.26","251.11","247.37","","0.02%"
"08/26/2021","249.24","248.07","249.24","244.99","","0.52%"
"08/25/2021","247.94","245.06","247.94","245.06","","1.28%"
"08/24/2021","244.81","243.96","246.23","242.98","","0.36%"
"08/23/2021","243.94","239.18","244.02","239.18","","2.03%"
"08/20/2021","239.08","240.34","240.34","237.73","","-0.34%"
"08/19/2021","239.90","241.86","241.86","236.06","","-0.99%"
"08/18/2021","242.29","237.33","242.31","237.33","","2.09%"
"08/17/2021","237.33","236.84","237.64","234.50","","0.22%"
"08/16/2021","236.80","238.41","240.40","236.33","","-0.67%"
"08/13/2021","238.40","238.33","240.30","237.59","","0.18%"
"08/12/2021","237.96","235.75","238.89","235.45","","1.26%"
"08/11/2021","235.01","230.99","236.00","230.99","","1.75%"
"08/10/2021","230.96","230.52","232.40","228.51","","0.20%"
"08/09/2021","230.50","230.52","232.13","230.50","","-0.02%"
"08/06/2021","230.54","229.71","230.91","228.91","","0.42%"
"08/05/2021","229.58","228.03","229.77","226.73","","0.70%"
"08/04/2021","227.99","226.42","229.47","226.35","","0.68%"
"08/03/2021","226.44","231.48","232.34","226.39","","-2.24%"
"08/02/2021","231.62","230.13","232.60","230.13","","0.69%"
"07/30/2021","230.03","227.92","230.19","226.57","","0.80%"
"07/29/2021","228.21","225.50","229.56","225.50","","1.21%"
"07/28/2021","225.48","224.84","226.39","224.14","","0.28%"
"07/27/2021","224.84","228.99","228.99","224.11","","-1.81%"
"07/26/2021","228.99","226.77","229.23","225.20","","0.94%"
"07/23/2021","226.85","226.21","228.20","226.03","","0.30%"
"07/22/2021","226.17","227.63","230.62","226.07","","-0.52%"
"07/21/2021","227.36","223.53","227.37","223.53","","1.78%"
"07/20/2021","223.38","221.21","227.16","221.21","","1.17%"
"07/19/2021","220.80","231.14","231.14","219.52","","-4.44%"
"07/16/2021","231.06","231.53","234.13","231.06","","-0.19%"
"07/15/2021","231.50","234.74","234.74","229.62","","-1.30%"
"07/14/2021","234.55","232.39","235.76","231.27","","0.93%"
"07/13/2021","232.39","235.70","237.65","232.39","","-1.41%"
"07/12/2021","235.72","233.84","235.83","233.76","","0.77%"
"07/09/2021","233.91","229.49","234.29","229.49","","1.92%"
"07/08/2021","229.50","236.63","236.63","229.34","","-3.01%"
"07/07/2021","236.62","237.39","238.80","235.98","","-0.32%"
"07/06/2021","237.39","238.72","239.62","236.36","","-0.54%"
"07/05/2021","238.69","238.65","239.59","235.61","","0.28%"
"07/02/2021","238.02","242.07","242.32","237.81","","-1.65%"
"07/01/2021","242.02","244.48","246.81","241.61","","-0.99%"
"06/30/2021","244.45","243.11","245.40","242.13","","0.55%"
"06/29/2021","243.11","244.31","244.99","242.44","","-0.44%"
"06/28/2021","244.18","248.32","249.26","244.18","","-1.57%"
"06/25/2021","248.07","241.82","248.24","241.82","","2.57%"
"06/24/2021","241.86","241.70","242.95","241.03","","0.11%"
"06/23/2021","241.60","238.23","242.42","238.23","","1.45%"
"06/22/2021","238.15","240.17","243.18","237.63","","-0.85%"
"06/21/2021","240.18","237.63","240.23","232.68","","1.18%"
"06/18/2021","237.39","242.51","242.63","235.62","","-2.11%"
"06/17/2021","242.51","241.91","244.20","241.28","","0.30%"
"06/16/2021","241.79","240.17","242.59","240.02","","0.68%"
"06/15/2021","240.16","242.15","242.21","238.99","","-0.80%"
"06/14/2021","242.09","240.99","244.44","240.69","","0.46%"
"06/11/2021","240.97","238.35","241.37","238.35","","1.10%"
"06/10/2021","238.34","234.31","238.78","234.31","","1.72%"
"06/09/2021","234.31","234.40","235.24","233.20","","-0.05%"
"06/08/2021","234.42","235.19","236.33","233.29","","-0.25%"
"06/07/2021","235.01","236.07","236.50","233.09","","-0.43%"
"06/04/2021","236.03","234.92","236.46","234.23","","0.49%"
"06/03/2021","234.88","237.39","237.75","234.07","","-1.04%"
"06/02/2021","237.35","236.31","238.81","236.15","","0.79%"
"06/01/2021","235.50","231.63","235.78","231.63","","1.82%"
"05/31/2021","231.28","231.27","233.92","230.69","","0.23%"
"05/28/2021","230.74","226.78","230.74","226.78","","1.74%"
"05/27/2021","226.80","229.39","230.01","226.54","","-1.13%"
"05/26/2021","229.40","234.11","234.63","228.86","","-1.76%"
"05/25/2021","233.51","236.35","239.11","233.06","","-1.08%"
"05/21/2021","236.05","231.82","236.54","231.82","","1.85%"
"05/20/2021","231.76","226.22","231.76","226.22","","2.54%"
"05/19/2021","226.02","225.70","227.83","225.15","","0.20%"
"05/18/2021","225.57","223.03","228.00","223.03","","1.16%"
"05/14/2021","222.98","223.82","225.31","221.81","","-0.38%"
"05/12/2021","223.82","226.03","228.86","222.53","","-0.90%"
"05/11/2021","225.86","230.59","230.59","224.03","","-1.93%"
"05/10/2021","230.31","227.12","231.48","227.12","","1.44%"
"05/07/2021","227.05","222.99","227.13","222.99","","1.87%"
"05/06/2021","222.88","227.16","227.16","221.54","","-1.86%"
"05/05/2021","227.11","226.71","228.64","226.62","","0.18%"
"05/04/2021","226.71","225.47","228.65","225.47","","0.55%"
"05/03/2021","225.47","223.63","225.94","222.79","","0.81%"
"04/30/2021","223.65","224.30","224.85","223.06","","-0.27%"
"04/29/2021","224.25","223.18","225.92","223.18","","0.49%"
"04/28/2021","223.15","222.74","223.94","222.23","","0.11%"
"04/27/2021","222.90","221.20","224.00","221.20","","0.76%"
"04/26/2021","221.22","220.19","222.01","220.04","","0.48%"
"04/23/2021","220.17","220.34","220.69","218.87","","-0.06%"
"04/22/2021","220.31","219.71","221.59","219.40","","0.30%"
"04/21/2021","219.65","221.03","221.07","217.37","","-0.53%"
"04/20/2021","220.81","222.31","223.83","220.31","","-0.63%"
"04/19/2021","222.21","222.34","224.91","221.76","","-0.01%"
"04/16/2021","222.23","219.31","222.51","219.31","","1.33%"
"04/15/2021","219.31","216.30","219.58","216.30","","1.39%"
"04/14/2021","216.31","216.83","219.44","215.56","","-0.23%"
"04/13/2021","216.80","217.15","218.64","216.57","","-0.19%"
"04/12/2021","217.21","221.39","221.71","216.60","","-1.89%"
"04/09/2021","221.39","221.43","222.57","220.99","","-0.17%"
"04/08/2021","221.77","222.97","223.73","221.20","","-0.51%"
"04/07/2021","222.91","223.64","224.83","221.92","","-0.33%"
"04/06/2021","223.65","220.49","224.28","220.49","","1.47%"
"03/31/2021","220.40","221.60","222.76","220.40","","-0.55%"
"03/30/2021","221.61","222.79","223.69","221.13","","-0.53%"
"03/29/2021","222.78","224.70","224.92","220.96","","-0.85%"
"03/26/2021","224.70","216.98","225.96","216.98","","3.61%"
"03/25/2021","216.87","220.06","221.41","215.29","","-1.44%"
"03/24/2021","220.04","218.67","220.05","215.78","","0.60%"
"03/23/2021","218.72","224.02","224.38","217.82","","-2.35%"
"03/22/2021","223.99","221.35","225.71","221.35","","1.20%"
"03/19/2021","221.33","220.06","221.33","217.93","","0.60%"
"03/18/2021","220.01","216.82","220.51","216.82","","1.48%"
"03/17/2021","216.81","217.39","218.61","213.54","","-0.29%"
"03/16/2021","217.45","218.12","219.84","216.71","","-0.33%"
"03/15/2021","218.17","213.35","218.64","213.35","","2.39%"
"03/12/2021","213.08","210.53","213.22","210.28","","1.22%"
"03/11/2021","210.52","204.95","210.63","204.95","","2.69%"
"03/10/2021","205.00","205.18","205.18","203.14","","-0.15%"
"03/09/2021","205.31","203.24","205.37","203.16","","1.02%"
"03/08/2021","203.24","201.03","203.91","201.02","","1.24%"
"03/05/2021","200.76","200.22","201.88","198.77","","0.26%"
"03/04/2021","200.24","202.31","202.62","199.80","","-0.47%"
"03/03/2021","201.18","199.96","204.04","199.96","","0.62%"
"03/02/2021","199.94","199.50","200.26","197.00","","0.38%"
"03/01/2021","199.19","196.90","199.59","196.38","","1.24%"
"02/26/2021","196.76","200.02","200.02","194.92","","-1.73%"
"02/25/2021","200.22","201.12","202.22","199.80","","-0.39%"
"02/24/2021","201.00","198.27","201.48","197.60","","1.56%"
"02/23/2021","197.91","200.51","201.97","195.57","","-1.28%"
"02/22/2021","200.48","200.28","201.49","197.73","","0.37%"
"02/19/2021","199.75","199.00","199.88","197.57","","0.39%"
"02/18/2021","198.98","206.78","206.78","198.98","","-3.67%"
"02/17/2021","206.56","206.73","208.57","206.44","","-0.06%"
"02/16/2021","206.69","200.42","206.78","200.42","","3.06%"
"02/15/2021","200.56","196.90","200.58","196.90","","1.92%"
"02/12/2021","196.79","197.44","197.96","194.35","","-0.33%"
"02/11/2021","197.44","194.08","197.46","193.69","","1.74%"
"02/10/2021","194.06","196.96","196.96","193.01","","-1.46%"
"02/09/2021","196.94","195.45","198.00","194.86","","0.73%"
"02/08/2021","195.52","193.55","196.77","193.55","","1.17%"
"02/05/2021","193.26","190.83","195.45","190.83","","1.29%"
"02/04/2021","190.79","190.69","193.01","189.87","","0.10%"
"02/03/2021","190.60","190.19","191.30","188.72","","0.23%"
"02/02/2021","190.17","187.12","190.37","187.12","","1.67%"
"02/01/2021","187.05","184.19","188.00","184.11","","1.55%"
"01/29/2021","184.19","184.87","186.68","182.32","","-0.38%"
"01/28/2021","184.89","186.66","186.66","180.74","","-1.15%"
"01/27/2021","187.04","190.31","190.76","185.70","","-1.64%"
"01/26/2021","190.16","188.55","191.24","185.98","","0.68%"
"01/25/2021","188.87","195.53","195.89","186.82","","-3.38%"
"01/22/2021","195.48","197.87","198.56","195.16","","-1.25%"
"01/21/2021","197.95","197.77","200.27","197.77","","0.09%"
"01/20/2021","197.78","197.95","199.87","197.44","","-0.08%"
"01/19/2021","197.94","196.75","199.02","196.38","","0.61%"
"01/18/2021","196.74","198.10","198.47","195.95","","-0.68%"
"01/15/2021","198.09","200.95","201.24","198.09","","-1.42%"
"01/14/2021","200.95","201.06","201.42","198.50","","0.00%"
"01/13/2021","200.95","201.90","203.64","200.81","","-0.87%"
"01/12/2021","202.71","200.35","203.62","200.35","","1.26%"
"01/11/2021","200.19","202.12","206.80","199.69","","-0.98%"
"01/08/2021","202.17","196.84","203.40","196.84","","2.71%"
"01/07/2021","196.84","194.91","197.82","194.89","","1.06%"
"01/06/2021","194.78","196.27","198.38","193.80","","-0.75%"
"01/05/2021","196.25","193.02","197.05","192.90","","1.71%"
"01/04/2021","192.95","190.32","194.19","190.32","","1.39%"
"12/30/2020","190.31","187.86","190.35","187.14","","1.29%"
"12/29/2020","187.89","188.19","190.02","187.86","","-0.19%"
"12/28/2020","188.25","187.07","189.38","187.07","","0.67%"
"12/23/2020","186.99","186.43","187.69","186.15","","0.30%"
"12/22/2020","186.43","184.13","186.98","183.83","","1.31%"
"12/21/2020","184.02","190.52","190.52","181.53","","-3.41%"
"12/18/2020","190.52","187.91","190.55","187.91","","1.42%"
"12/17/2020","187.85","186.82","189.20","186.82","","0.66%"
"12/16/2020","186.62","184.87","187.02","184.87","","1.14%"
"12/15/2020","184.52","186.83","186.83","184.50","","-1.09%"
"12/14/2020","186.55","183.10","186.68","182.74","","1.89%"
"12/11/2020","183.09","181.55","183.39","180.80","","0.88%"
"12/10/2020","181.49","180.25","182.44","180.25","","0.65%"
"12/09/2020","180.31","179.81","181.14","179.81","","0.30%"
"12/08/2020","179.77","180.31","181.04","179.46","","-0.26%"
"12/07/2020","180.24","179.40","182.07","179.40","","0.47%"
"12/04/2020","179.39","176.80","179.52","176.80","","1.52%"
"12/03/2020","176.70","175.83","177.36","175.61","","0.70%"
"12/02/2020","175.47","177.46","177.50","174.19","","-1.08%"
"12/01/2020","177.39","177.11","178.62","176.85","","0.17%"
"11/30/2020","177.09","180.60","180.63","177.00","","-1.90%"
"11/27/2020","180.52","180.00","181.55","179.91","","0.29%"
"11/26/2020","180.00","179.87","180.94","179.38","","0.11%"
"11/25/2020","179.81","181.38","181.45","176.79","","-0.67%"
"11/24/2020","181.02","178.36","181.54","178.36","","1.50%"
"11/23/2020","178.34","175.24","178.65","174.87","","1.83%"
"11/20/2020","175.14","173.82","175.82","173.82","","0.80%"
"11/19/2020","173.75","173.51","174.19","171.32","","0.03%"
"11/18/2020","173.69","172.04","173.74","172.00","","1.00%"
"11/17/2020","171.97","172.10","173.56","171.37","","-0.05%"
"11/16/2020","172.05","168.40","172.10","168.31","","2.48%"
"11/13/2020","167.89","167.17","168.20","166.32","","0.54%"
"11/12/2020","166.99","168.38","168.44","165.28","","-0.79%"
"11/11/2020","168.32","167.71","169.90","167.71","","0.45%"
"11/10/2020","167.57","165.48","168.83","164.67","","1.26%"
"11/09/2020","165.48","159.73","166.11","159.73","","3.60%"
"11/06/2020","159.73","159.22","160.30","158.40","","0.30%"
"11/05/2020","159.25","160.27","161.20","158.13","","-0.57%"
"11/04/2020","160.17","78.65","79.35","78.10","","0.49%"
"11/03/2020","159.39","78.56","79.99","78.56","","1.26%"
"11/02/2020","157.40","81.22","81.90","78.48","","0.72%"
"10/30/2020","156.27","81.34","82.42","80.64","","0.89%"
"10/29/2020","154.89","79.67","81.35","79.64","","2.12%"
"10/28/2020","151.67","82.52","82.52","79.53","","-3.57%"
"10/27/2020","157.29","82.76","83.26","82.23","","-0.25%"
"10/26/2020","157.68","85.36","85.39","82.61","","-2.98%"
"10/23/2020","162.52","84.46","85.65","84.40","","1.08%"
"10/22/2020","160.78","85.26","86.23","84.45","","0.88%"
"10/21/2020","159.38","87.70","89.02","85.23","","0.14%"
"10/20/2020","159.16","90.69","91.30","87.69","","-0.40%"
"10/19/2020","159.80","91.19","91.71","90.25","","-0.52%"
"10/16/2020","160.63","92.71","93.85","91.19","","0.14%"
"10/15/2020","160.40","94.28","94.28","92.34","","-1.62%"
"10/14/2020","163.04","94.46","97.06","94.23","","2.77%"
"10/13/2020","158.65","94.92","95.30","94.09","","-0.53%"
"10/12/2020","159.49","94.13","95.53","94.11","","1.02%"
"10/09/2020","157.88","92.93","94.28","92.92","","1.15%"
"10/08/2020","156.09","91.22","93.54","91.22","","2.56%"
"10/07/2020","152.20","92.43","92.43","91.22","","-0.63%"
"10/06/2020","153.17","92.64","93.15","92.30","","-0.23%"
"10/05/2020","153.52","95.00","96.68","92.64","","1.82%"
"10/02/2020","150.78","102.12","102.75","94.94","","0.27%"
"10/01/2020","150.38","103.54","103.91","102.13","","-0.65%"
"09/30/2020","151.36","102.73","103.57","102.22","","0.76%"
"09/29/2020","150.22","106.14","106.19","102.73","","-0.03%"
"09/28/2020","150.26","106.06","106.96","105.65","","0.05%"
"09/25/2020","150.18","105.24","106.29","105.24","","0.82%"
"09/24/2020","148.96","109.09","109.64","105.19","","-0.15%"
"09/23/2020","149.18","108.83","109.90","108.83","","0.27%"
"09/22/2020","148.78","109.82","110.71","108.80","","-0.38%"
"09/21/2020","149.35","112.54","112.54","109.81","","-2.23%"
"09/18/2020","152.76","116.18","116.21","112.33","","-1.04%"
"09/17/2020","154.37","113.97","116.19","113.48","","1.90%"
"09/16/2020","151.49","115.39","115.55","113.65","","-1.25%"
"09/15/2020","153.41","115.93","116.91","115.42","","0.27%"
"09/14/2020","153.00","118.59","119.34","115.93","","0.11%"
"09/11/2020","152.83","117.17","120.11","117.17","","2.42%"
"09/10/2020","149.22","116.24","117.49","116.15","","0.82%"
"09/09/2020","148.00","119.11","121.07","116.20","","0.79%"
"09/08/2020","146.84","130.35","131.20","119.09","","-1.42%"
"09/07/2020","148.96","136.59","137.55","130.36","","0.59%"
"09/04/2020","148.09","137.14","137.14","135.11","","-0.50%"
"09/03/2020","148.84","140.08","140.30","137.14","","-0.83%"
"09/02/2020","150.09","142.34","142.55","139.71","","-1.80%"
"09/01/2020","152.84","146.07","147.02","142.52","","0.01%"
"08/31/2020","152.83","145.44","147.12","145.39","","0.45%"
"08/28/2020","152.14","149.14","149.94","145.44","","-0.20%"
"08/27/2020","152.45","154.02","154.46","149.14","","-1.69%"
"08/26/2020","155.07","154.31","154.55","153.21","","-0.51%"
"08/25/2020","155.86","151.86","155.12","151.84","","1.61%"
"08/24/2020","153.39","152.26","153.37","151.76","","-0.24%"
"08/21/2020","153.76","153.49","154.85","152.18","","-0.14%"
"08/20/2020","153.97","153.23","154.33","152.65","","0.52%"
"08/19/2020","153.18","152.68","154.77","152.63","","0.35%"
"08/18/2020","152.65","152.31","153.73","152.28","","0.19%"
"08/17/2020","152.36","151.69","153.33","151.66","","0.44%"
"08/14/2020","151.69","152.20","152.57","150.93","","-0.34%"
"08/13/2020","152.20","152.00","152.75","151.44","","0.16%"
"08/12/2020","151.96","151.73","152.80","151.57","","0.15%"
"08/11/2020","151.73","150.22","152.71","150.22","","1.01%"
"08/10/2020","150.22","149.25","150.94","149.25","","0.66%"
"08/07/2020","149.23","150.29","150.29","148.33","","-0.71%"
"08/06/2020","150.29","150.76","151.06","149.58","","-0.30%"
"08/05/2020","150.74","149.23","151.02","149.23","","1.04%"
"08/04/2020","149.19","149.04","150.53","148.62","","0.10%"
"08/03/2020","149.04","149.47","149.81","148.89","","-0.29%"
"07/31/2020","149.47","149.09","150.72","149.04","","0.30%"
"07/30/2020","149.03","151.44","152.06","148.62","","-1.61%"
"07/29/2020","151.47","148.99","151.47","148.99","","1.66%"
"07/28/2020","148.99","148.31","149.37","148.22","","0.53%"
"07/27/2020","148.20","146.86","148.23","146.69","","0.91%"
"07/24/2020","146.86","147.49","147.78","146.40","","-0.45%"
"07/23/2020","147.52","146.71","148.32","146.71","","0.59%"
"07/22/2020","146.66","148.30","148.58","146.46","","-1.21%"
"07/21/2020","148.45","148.20","149.69","148.07","","0.17%"
"07/20/2020","148.20","149.83","149.88","147.18","","-1.08%"
"07/17/2020","149.82","148.12","149.92","147.99","","1.15%"
"07/16/2020","148.12","148.03","148.81","147.49","","-0.01%"
"07/15/2020","148.14","146.17","148.18","146.17","","1.36%"
"07/14/2020","146.15","146.39","146.80","145.51","","-0.16%"
"07/13/2020","146.39","146.39","148.21","146.22","","0.00%"
"07/10/2020","146.39","146.54","146.79","144.87","","-0.10%"
"07/09/2020","146.54","148.11","148.67","146.50","","-1.05%"
"07/08/2020","148.09","148.74","148.74","146.82","","-0.62%"
"07/07/2020","149.01","149.75","150.71","148.19","","-0.51%"
"07/06/2020","149.78","149.01","151.74","149.01","","0.61%"
"07/03/2020","148.87","149.66","150.59","148.87","","-0.53%"
"07/02/2020","149.66","147.20","150.42","147.19","","1.73%"
"07/01/2020","147.11","145.76","147.14","145.60","","0.93%"
"06/30/2020","145.76","146.17","146.91","145.25","","-0.27%"
"06/29/2020","146.16","144.76","146.19","143.12","","0.97%"
"06/26/2020","144.76","146.83","147.07","144.61","","-1.36%"
"06/25/2020","146.76","147.35","147.44","145.52","","-0.40%"
"06/24/2020","147.35","147.28","148.56","146.88","","0.06%"
"06/23/2020","147.26","147.01","149.16","147.00","","0.17%"
"06/22/2020","147.01","149.19","149.27","146.84","","-1.47%"
"06/19/2020","149.21","150.02","151.44","148.86","","-0.69%"
"06/18/2020","150.25","150.81","150.97","148.80","","-0.37%"
"06/17/2020","150.81","151.74","151.87","150.22","","-0.61%"
"06/16/2020","151.74","147.08","151.83","147.08","","3.33%"
"06/15/2020","146.85","149.71","149.71","145.32","","-1.91%"
"06/12/2020","149.71","148.19","150.28","145.61","","0.54%"
"06/11/2020","148.91","153.24","153.24","148.33","","-2.83%"
"06/10/2020","153.24","155.00","156.49","152.93","","-1.10%"
"06/09/2020","154.95","155.54","157.47","153.72","","-0.27%"
"06/08/2020","155.37","152.54","155.37","152.41","","1.88%"
"06/05/2020","152.50","149.02","152.60","148.82","","2.62%"
"06/04/2020","148.61","150.89","151.51","147.78","","-1.45%"
"06/03/2020","150.80","149.34","151.30","149.34","","0.96%"
"06/02/2020","149.37","149.40","152.71","149.06","","-0.01%"
"05/29/2020","149.38","153.79","153.87","148.89","","-2.85%"
"05/28/2020","153.77","153.11","156.16","153.11","","0.55%"
"05/27/2020","152.93","152.41","154.52","152.00","","0.55%"
"05/26/2020","152.10","150.32","152.44","150.22","","1.21%"
"05/25/2020","150.28","147.50","150.39","147.50","","1.86%"
"05/22/2020","147.53","148.73","149.12","146.20","","-0.78%"
"05/20/2020","148.69","147.32","149.25","146.11","","0.93%"
"05/19/2020","147.32","144.06","147.82","144.06","","2.68%"
"05/18/2020","143.48","142.09","143.69","141.83","","1.20%"
"05/15/2020","141.78","139.30","142.15","139.08","","1.78%"
"05/14/2020","139.30","142.96","143.30","138.58","","-2.55%"
"05/13/2020","142.95","146.05","146.31","142.43","","-2.12%"
"05/12/2020","146.05","148.13","148.48","145.84","","-1.36%"
"05/11/2020","148.06","152.07","153.17","148.05","","-2.64%"
"05/08/2020","152.07","149.78","152.45","149.02","","1.56%"
"05/07/2020","149.74","148.86","150.23","147.33","","0.59%"
"05/06/2020","148.86","152.32","153.05","148.58","","-2.27%"
"05/05/2020","152.31","155.31","157.57","151.99","","-1.84%"
"05/04/2020","155.16","157.08","159.29","154.35","","-1.29%"
"04/30/2020","157.19","159.06","159.41","154.46","","-1.11%"
"04/29/2020","158.95","161.89","163.68","158.48","","-1.81%"
"04/28/2020","161.88","164.18","165.30","161.28","","-1.41%"
"04/27/2020","164.20","159.08","164.45","159.01","","3.32%"
"04/24/2020","158.92","162.98","163.08","158.78","","-2.57%"
"04/23/2020","163.11","160.09","163.30","160.09","","1.89%"
"04/22/2020","160.09","158.14","164.01","157.41","","1.19%"
"04/21/2020","158.20","152.75","159.71","152.49","","3.46%"
"04/20/2020","152.91","149.70","153.00","148.88","","2.35%"
"04/17/2020","149.40","145.15","150.59","145.15","","2.97%"
"04/16/2020","145.09","143.04","146.52","143.04","","1.49%"
"04/15/2020","142.96","145.76","145.85","142.22","","-2.00%"
"04/14/2020","145.88","140.70","146.22","140.70","","3.68%"
"04/08/2020","140.70","140.95","142.58","138.91","","-0.18%"
"04/07/2020","140.95","140.85","143.63","140.19","","0.16%"
"04/06/2020","140.73","136.77","143.29","136.60","","2.95%"
"04/03/2020","136.70","142.83","143.18","134.88","","-4.22%"
"04/02/2020","142.73","148.09","148.51","141.57","","-3.58%"
"04/01/2020","148.03","146.90","148.74","143.40","","0.77%"
"03/31/2020","146.90","145.33","151.69","143.91","","1.13%"
"03/30/2020","145.26","134.35","145.26","134.33","","8.47%"
"03/27/2020","133.92","132.85","136.01","132.85","","0.78%"
"03/26/2020","132.88","132.89","133.13","129.09","","-0.02%"
"03/25/2020","132.90","129.53","134.10","129.10","","2.84%"
"03/24/2020","129.23","122.60","130.37","122.60","","5.77%"
"03/23/2020","122.18","129.91","129.91","121.93","","-6.09%"
"03/20/2020","130.11","126.83","134.56","126.83","","2.76%"
"03/19/2020","126.62","125.72","131.69","123.65","","0.76%"
"03/18/2020","125.67","131.93","132.28","124.13","","-4.74%"
"03/17/2020","131.93","135.73","138.19","131.36","","-2.80%"
"03/16/2020","135.73","146.19","146.44","128.65","","-6.55%"
"03/13/2020","145.24","137.40","148.57","137.00","","5.89%"
"03/12/2020","137.16","146.48","146.48","133.18","","-6.32%"
"03/11/2020","146.42","146.25","153.57","146.25","","0.12%"
"03/10/2020","146.25","140.26","149.50","140.26","","4.29%"
"03/09/2020","140.24","148.96","148.96","131.88","","-6.20%"
"03/06/2020","149.51","156.32","156.32","146.84","","-4.31%"
"03/05/2020","156.24","165.28","168.10","155.70","","-5.30%"
"03/04/2020","164.98","171.11","171.11","163.76","","-3.58%"
"03/03/2020","171.11","167.44","173.26","167.44","","2.38%"
"03/02/2020","167.14","166.40","174.31","165.13","","0.44%"
"02/28/2020","166.40","160.44","168.12","158.12","","3.61%"
"02/27/2020","160.61","169.55","170.18","160.39","","-5.29%"
"02/26/2020","169.58","171.02","171.02","165.59","","-0.95%"
"02/25/2020","171.21","171.84","173.56","170.00","","-0.38%"
"02/24/2020","171.87","184.18","184.18","171.33","","-6.73%"
"02/21/2020","184.27","187.12","187.75","183.70","","-1.52%"
"02/20/2020","187.12","187.74","189.38","187.08","","-0.32%"
"02/19/2020","187.73","186.48","188.26","186.00","","0.67%"
"02/18/2020","186.48","186.40","186.50","184.37","","-0.12%"
"02/17/2020","186.70","186.48","189.81","186.12","","0.17%"
"02/14/2020","186.38","187.25","188.97","185.71","","-0.46%"
"02/13/2020","187.25","189.74","189.82","185.61","","-1.44%"
"02/12/2020","189.98","190.72","191.68","187.98","","-0.39%"
"02/11/2020","190.72","183.55","191.42","183.44","","3.96%"
"02/10/2020","183.46","183.50","184.49","181.06","","0.01%"
"02/07/2020","183.44","191.65","192.08","182.70","","-4.28%"
"02/06/2020","191.64","193.46","196.33","191.32","","-0.94%"
"02/05/2020","193.46","191.46","194.28","190.71","","1.07%"
"02/04/2020","191.41","194.83","197.34","190.55","","-1.77%"
"02/03/2020","194.85","196.57","196.57","191.02","","-0.92%"
"01/31/2020","196.66","199.91","201.41","196.15","","-1.63%"
"01/30/2020","199.91","204.92","204.93","199.76","","-2.44%"
"01/29/2020","204.92","202.02","206.42","202.02","","1.47%"
"01/28/2020","201.95","200.87","203.03","199.79","","0.53%"
"01/27/2020","200.88","209.23","209.23","198.98","","-4.25%"
"01/24/2020","209.79","209.93","212.28","209.12","","0.02%"
"01/23/2020","209.75","218.91","218.91","208.67","","-4.21%"
"01/22/2020","218.98","220.74","221.82","218.65","","-0.78%"
"01/21/2020","220.71","219.35","221.19","217.92","","0.61%"
"01/20/2020","219.38","221.01","221.66","218.65","","-0.69%"
"01/17/2020","220.91","218.16","221.16","218.11","","1.26%"
"01/16/2020","218.16","217.91","218.69","216.11","","0.07%"
"01/15/2020","218.01","223.30","223.37","217.44","","-2.36%"
"01/14/2020","223.28","225.19","226.29","222.79","","-0.87%"
"01/13/2020","225.23","225.60","226.93","224.47","","-0.16%"
"01/10/2020","225.60","224.37","227.36","224.27","","0.55%"
"01/09/2020","224.37","223.52","225.16","223.04","","0.57%"
"01/08/2020","223.10","222.60","224.40","222.03","","0.24%"
"01/07/2020","222.57","221.13","223.48","221.04","","0.65%"
"01/06/2020","221.13","225.41","226.37","219.40","","-1.89%"
"01/03/2020","225.39","220.70","225.99","220.70","","2.13%"
"01/02/2020","220.70","213.92","221.90","213.92","","3.22%"